Transaction ID,User ID,Amount,Currency,Status
3,999,15000.00,USD,FLAGGED_FRAUD
25,711,30934.22,USD,FLAGGED_FRAUD
40,779,11853.27,USD,FLAGGED_FRAUD
56,943,10376.16,USD,FLAGGED_FRAUD
58,322,22938.52,USD,FLAGGED_FRAUD
67,904,11074.68,USD,FLAGGED_FRAUD
69,583,48404.93,USD,FLAGGED_FRAUD
75,169,18023.04,USD,FLAGGED_FRAUD
87,593,49916.37,USD,FLAGGED_FRAUD
104,402,20598.52,USD,FLAGGED_FRAUD
110,942,23112.97,USD,FLAGGED_FRAUD
115,728,44964.38,USD,FLAGGED_FRAUD
125,534,39151.98,USD,FLAGGED_FRAUD
139,443,22750.35,USD,FLAGGED_FRAUD
140,625,42790.55,USD,FLAGGED_FRAUD
142,742,40201.87,USD,FLAGGED_FRAUD
144,313,24806.68,USD,FLAGGED_FRAUD
146,862,10999.18,USD,FLAGGED_FRAUD
152,673,34696.08,USD,FLAGGED_FRAUD
154,148,48693.05,USD,FLAGGED_FRAUD
160,895,21784.57,USD,FLAGGED_FRAUD
172,528,47443.76,USD,FLAGGED_FRAUD
173,904,40643.14,USD,FLAGGED_FRAUD
180,356,23220.28,USD,FLAGGED_FRAUD
181,920,41618.87,USD,FLAGGED_FRAUD
183,530,48121.68,USD,FLAGGED_FRAUD
187,139,20234.99,USD,FLAGGED_FRAUD
193,676,38336.08,USD,FLAGGED_FRAUD
195,723,16736.79,USD,FLAGGED_FRAUD
198,936,14737.16,USD,FLAGGED_FRAUD
204,156,15723.50,USD,FLAGGED_FRAUD
209,988,24161.26,USD,FLAGGED_FRAUD
217,877,41858.66,USD,FLAGGED_FRAUD
224,803,32486.07,USD,FLAGGED_FRAUD
229,897,23412.76,USD,FLAGGED_FRAUD
233,417,29217.32,USD,FLAGGED_FRAUD
237,342,27481.62,USD,FLAGGED_FRAUD
241,262,35842.39,USD,FLAGGED_FRAUD
251,254,41792.66,USD,FLAGGED_FRAUD
255,780,28379.05,USD,FLAGGED_FRAUD
256,864,23394.81,USD,FLAGGED_FRAUD
261,947,28245.49,USD,FLAGGED_FRAUD
262,379,34969.78,USD,FLAGGED_FRAUD
288,188,39828.06,USD,FLAGGED_FRAUD
292,165,29581.51,USD,FLAGGED_FRAUD
296,674,25996.67,USD,FLAGGED_FRAUD
306,513,47346.69,USD,FLAGGED_FRAUD
312,846,14707.43,USD,FLAGGED_FRAUD
313,189,47076.44,USD,FLAGGED_FRAUD
324,413,32398.59,USD,FLAGGED_FRAUD
326,191,44214.57,USD,FLAGGED_FRAUD
333,301,14888.83,USD,FLAGGED_FRAUD
334,321,45526.43,USD,FLAGGED_FRAUD
339,217,27104.89,USD,FLAGGED_FRAUD
341,773,40581.86,USD,FLAGGED_FRAUD
351,476,17582.59,USD,FLAGGED_FRAUD
356,519,12214.56,USD,FLAGGED_FRAUD
364,212,41021.81,USD,FLAGGED_FRAUD
366,121,34245.49,USD,FLAGGED_FRAUD
371,593,29699.96,USD,FLAGGED_FRAUD
373,922,20560.91,USD,FLAGGED_FRAUD
377,790,42976.60,USD,FLAGGED_FRAUD
383,997,49986.84,USD,FLAGGED_FRAUD
385,888,29698.67,USD,FLAGGED_FRAUD
389,750,10069.42,USD,FLAGGED_FRAUD
393,123,37550.87,USD,FLAGGED_FRAUD
395,941,11869.74,USD,FLAGGED_FRAUD
408,891,29406.83,USD,FLAGGED_FRAUD
418,325,36659.05,USD,FLAGGED_FRAUD
420,967,22373.95,USD,FLAGGED_FRAUD
424,862,33026.57,USD,FLAGGED_FRAUD
426,145,18911.04,USD,FLAGGED_FRAUD
436,866,15359.58,USD,FLAGGED_FRAUD
437,915,29793.50,USD,FLAGGED_FRAUD
441,759,41008.18,USD,FLAGGED_FRAUD
449,357,48859.44,USD,FLAGGED_FRAUD
451,441,21073.14,USD,FLAGGED_FRAUD
453,955,48691.98,USD,FLAGGED_FRAUD
454,892,13326.52,USD,FLAGGED_FRAUD
455,855,25640.46,USD,FLAGGED_FRAUD
460,429,34794.11,USD,FLAGGED_FRAUD
468,919,40618.10,USD,FLAGGED_FRAUD
469,530,42025.24,USD,FLAGGED_FRAUD
490,274,37946.60,USD,FLAGGED_FRAUD
491,520,48054.87,USD,FLAGGED_FRAUD
508,142,40600.61,USD,FLAGGED_FRAUD
516,637,12897.35,USD,FLAGGED_FRAUD
524,210,34963.42,USD,FLAGGED_FRAUD
526,294,26633.66,USD,FLAGGED_FRAUD
540,770,46155.52,USD,FLAGGED_FRAUD
545,316,10724.88,USD,FLAGGED_FRAUD
570,729,12913.55,USD,FLAGGED_FRAUD
573,358,21874.10,USD,FLAGGED_FRAUD
580,828,28191.11,USD,FLAGGED_FRAUD
581,595,36329.17,USD,FLAGGED_FRAUD
589,225,37818.70,USD,FLAGGED_FRAUD
594,275,13690.42,USD,FLAGGED_FRAUD
598,632,47827.48,USD,FLAGGED_FRAUD
604,949,20036.57,USD,FLAGGED_FRAUD
606,368,20610.06,USD,FLAGGED_FRAUD
607,115,13295.43,USD,FLAGGED_FRAUD
629,722,16798.00,USD,FLAGGED_FRAUD
634,818,46454.67,USD,FLAGGED_FRAUD
641,354,12203.45,USD,FLAGGED_FRAUD
647,868,27538.77,USD,FLAGGED_FRAUD
662,851,42384.75,USD,FLAGGED_FRAUD
665,353,11259.58,USD,FLAGGED_FRAUD
668,349,33638.20,USD,FLAGGED_FRAUD
685,689,25662.30,USD,FLAGGED_FRAUD
687,217,40966.81,USD,FLAGGED_FRAUD
688,744,13915.60,USD,FLAGGED_FRAUD
693,531,30162.16,USD,FLAGGED_FRAUD
700,872,45596.24,USD,FLAGGED_FRAUD
725,177,30797.44,USD,FLAGGED_FRAUD
729,247,20938.02,USD,FLAGGED_FRAUD
734,915,44716.59,USD,FLAGGED_FRAUD
741,120,28101.67,USD,FLAGGED_FRAUD
742,795,45304.72,USD,FLAGGED_FRAUD
748,808,23091.34,USD,FLAGGED_FRAUD
749,402,22357.96,USD,FLAGGED_FRAUD
767,499,26602.27,USD,FLAGGED_FRAUD
770,965,42034.88,USD,FLAGGED_FRAUD
771,600,16594.27,USD,FLAGGED_FRAUD
779,496,42098.97,USD,FLAGGED_FRAUD
780,611,17950.51,USD,FLAGGED_FRAUD
783,142,49266.12,USD,FLAGGED_FRAUD
789,623,43106.75,USD,FLAGGED_FRAUD
799,976,22094.01,USD,FLAGGED_FRAUD
836,625,48468.90,USD,FLAGGED_FRAUD
851,784,49574.50,USD,FLAGGED_FRAUD
868,166,19406.95,USD,FLAGGED_FRAUD
881,226,30327.44,USD,FLAGGED_FRAUD
893,945,48718.72,USD,FLAGGED_FRAUD
915,791,34545.30,USD,FLAGGED_FRAUD
917,229,29395.40,USD,FLAGGED_FRAUD
920,852,33231.02,USD,FLAGGED_FRAUD
928,499,38859.07,USD,FLAGGED_FRAUD
930,576,48507.45,USD,FLAGGED_FRAUD
946,270,42954.43,USD,FLAGGED_FRAUD
947,137,35534.36,USD,FLAGGED_FRAUD
960,531,18206.30,USD,FLAGGED_FRAUD
969,518,31835.23,USD,FLAGGED_FRAUD
973,521,30236.93,USD,FLAGGED_FRAUD
978,862,26851.84,USD,FLAGGED_FRAUD
982,618,37753.90,USD,FLAGGED_FRAUD
988,364,17870.17,USD,FLAGGED_FRAUD
989,180,38228.55,USD,FLAGGED_FRAUD
991,931,42902.44,USD,FLAGGED_FRAUD
993,269,39401.12,USD,FLAGGED_FRAUD
996,267,26603.14,USD,FLAGGED_FRAUD
1008,798,21749.05,USD,FLAGGED_FRAUD
1017,275,26307.34,USD,FLAGGED_FRAUD
1022,844,48045.73,USD,FLAGGED_FRAUD
1027,602,16010.88,USD,FLAGGED_FRAUD
1034,775,43972.75,USD,FLAGGED_FRAUD
1043,566,44307.29,USD,FLAGGED_FRAUD
1049,557,32749.69,USD,FLAGGED_FRAUD
1063,194,20219.79,USD,FLAGGED_FRAUD
1073,968,24976.39,USD,FLAGGED_FRAUD
1076,162,17159.10,USD,FLAGGED_FRAUD
1081,692,27757.09,USD,FLAGGED_FRAUD
1082,591,17797.30,USD,FLAGGED_FRAUD
1101,211,10736.31,USD,FLAGGED_FRAUD
1109,561,28906.05,USD,FLAGGED_FRAUD
1118,437,22876.68,USD,FLAGGED_FRAUD
1131,568,10680.38,USD,FLAGGED_FRAUD
1137,589,19438.24,USD,FLAGGED_FRAUD
1139,239,31388.90,USD,FLAGGED_FRAUD
1140,345,22826.01,USD,FLAGGED_FRAUD
1149,731,27869.00,USD,FLAGGED_FRAUD
1152,599,34567.43,USD,FLAGGED_FRAUD
1155,240,17697.46,USD,FLAGGED_FRAUD
1168,839,39652.11,USD,FLAGGED_FRAUD
1171,265,42777.40,USD,FLAGGED_FRAUD
1180,371,37046.54,USD,FLAGGED_FRAUD
1181,327,24983.73,USD,FLAGGED_FRAUD
1185,112,37762.05,USD,FLAGGED_FRAUD
1190,327,36161.35,USD,FLAGGED_FRAUD
1193,240,20678.72,USD,FLAGGED_FRAUD
1196,321,21951.31,USD,FLAGGED_FRAUD
1200,670,46911.58,USD,FLAGGED_FRAUD
1215,457,48668.87,USD,FLAGGED_FRAUD
1218,415,18468.40,USD,FLAGGED_FRAUD
1227,268,35462.78,USD,FLAGGED_FRAUD
1234,594,47095.77,USD,FLAGGED_FRAUD
1242,482,43231.31,USD,FLAGGED_FRAUD
1244,685,46432.05,USD,FLAGGED_FRAUD
1246,109,42775.05,USD,FLAGGED_FRAUD
1271,215,47182.41,USD,FLAGGED_FRAUD
1272,513,10705.33,USD,FLAGGED_FRAUD
1276,541,18264.41,USD,FLAGGED_FRAUD
1277,803,22286.08,USD,FLAGGED_FRAUD
1285,563,18617.23,USD,FLAGGED_FRAUD
1293,339,13791.42,USD,FLAGGED_FRAUD
1303,176,27344.04,USD,FLAGGED_FRAUD
1306,594,43200.16,USD,FLAGGED_FRAUD
1307,586,18902.18,USD,FLAGGED_FRAUD
1311,725,37697.08,USD,FLAGGED_FRAUD
1313,177,32639.73,USD,FLAGGED_FRAUD
1323,428,12505.00,USD,FLAGGED_FRAUD
1328,855,28865.30,USD,FLAGGED_FRAUD
1330,544,40141.12,USD,FLAGGED_FRAUD
1331,605,47979.90,USD,FLAGGED_FRAUD
1337,481,38869.45,USD,FLAGGED_FRAUD
1342,831,34279.49,USD,FLAGGED_FRAUD
1348,408,16705.03,USD,FLAGGED_FRAUD
1349,352,35371.06,USD,FLAGGED_FRAUD
1351,825,14368.56,USD,FLAGGED_FRAUD
1359,459,48479.79,USD,FLAGGED_FRAUD
1376,979,35036.57,USD,FLAGGED_FRAUD
1384,590,48342.53,USD,FLAGGED_FRAUD
1389,316,33852.95,USD,FLAGGED_FRAUD
1400,519,13615.02,USD,FLAGGED_FRAUD
1408,986,45847.94,USD,FLAGGED_FRAUD
1411,571,47570.89,USD,FLAGGED_FRAUD
1416,169,41059.70,USD,FLAGGED_FRAUD
1418,111,32387.21,USD,FLAGGED_FRAUD
1436,285,49952.64,USD,FLAGGED_FRAUD
1449,912,34106.82,USD,FLAGGED_FRAUD
1450,563,45803.89,USD,FLAGGED_FRAUD
1460,765,37900.27,USD,FLAGGED_FRAUD
1462,567,36142.89,USD,FLAGGED_FRAUD
1490,853,10980.72,USD,FLAGGED_FRAUD
1500,686,30561.18,USD,FLAGGED_FRAUD
1507,950,47898.36,USD,FLAGGED_FRAUD
1516,825,21107.90,USD,FLAGGED_FRAUD
1517,188,22380.71,USD,FLAGGED_FRAUD
1525,481,41039.19,USD,FLAGGED_FRAUD
1529,841,25091.71,USD,FLAGGED_FRAUD
1531,470,16584.76,USD,FLAGGED_FRAUD
1539,167,29727.45,USD,FLAGGED_FRAUD
1546,964,15467.82,USD,FLAGGED_FRAUD
1553,742,18500.51,USD,FLAGGED_FRAUD
1555,552,35133.37,USD,FLAGGED_FRAUD
1558,276,20435.93,USD,FLAGGED_FRAUD
1561,849,46772.34,USD,FLAGGED_FRAUD
1566,869,28747.83,USD,FLAGGED_FRAUD
1573,963,37338.20,USD,FLAGGED_FRAUD
1578,660,46651.80,USD,FLAGGED_FRAUD
1581,332,22165.87,USD,FLAGGED_FRAUD
1583,948,43738.66,USD,FLAGGED_FRAUD
1592,698,32636.60,USD,FLAGGED_FRAUD
1593,581,26696.47,USD,FLAGGED_FRAUD
1594,726,33778.78,USD,FLAGGED_FRAUD
1597,277,23732.74,USD,FLAGGED_FRAUD
1601,857,46818.19,USD,FLAGGED_FRAUD
1608,439,35379.21,USD,FLAGGED_FRAUD
1611,724,33904.43,USD,FLAGGED_FRAUD
1620,914,19776.95,USD,FLAGGED_FRAUD
1628,261,20041.09,USD,FLAGGED_FRAUD
1635,314,10368.40,USD,FLAGGED_FRAUD
1636,581,41807.31,USD,FLAGGED_FRAUD
1637,569,13900.74,USD,FLAGGED_FRAUD
1643,552,44395.02,USD,FLAGGED_FRAUD
1646,357,22935.62,USD,FLAGGED_FRAUD
1649,883,11642.44,USD,FLAGGED_FRAUD
1659,252,38838.58,USD,FLAGGED_FRAUD
1665,775,44584.34,USD,FLAGGED_FRAUD
1667,442,28899.47,USD,FLAGGED_FRAUD
1677,949,16690.00,USD,FLAGGED_FRAUD
1679,386,31352.82,USD,FLAGGED_FRAUD
1684,518,33208.24,USD,FLAGGED_FRAUD
1694,847,17388.58,USD,FLAGGED_FRAUD
1701,948,33199.25,USD,FLAGGED_FRAUD
1716,763,32493.49,USD,FLAGGED_FRAUD
1717,188,37579.35,USD,FLAGGED_FRAUD
1718,773,26982.22,USD,FLAGGED_FRAUD
1721,129,17300.35,USD,FLAGGED_FRAUD
1724,291,17227.07,USD,FLAGGED_FRAUD
1734,121,35865.53,USD,FLAGGED_FRAUD
1735,888,19398.08,USD,FLAGGED_FRAUD
1743,554,21530.27,USD,FLAGGED_FRAUD
1748,421,10802.79,USD,FLAGGED_FRAUD
1754,846,11438.21,USD,FLAGGED_FRAUD
1770,430,49761.65,USD,FLAGGED_FRAUD
1771,429,36328.98,USD,FLAGGED_FRAUD
1772,461,32647.59,USD,FLAGGED_FRAUD
1783,459,41928.19,USD,FLAGGED_FRAUD
1797,598,49604.84,USD,FLAGGED_FRAUD
1800,185,45912.26,USD,FLAGGED_FRAUD
1802,187,27930.80,USD,FLAGGED_FRAUD
1803,948,44639.26,USD,FLAGGED_FRAUD
1806,456,22224.13,USD,FLAGGED_FRAUD
1814,433,45677.43,USD,FLAGGED_FRAUD
1822,150,29440.60,USD,FLAGGED_FRAUD
1826,320,28043.35,USD,FLAGGED_FRAUD
1845,661,32266.43,USD,FLAGGED_FRAUD
1846,894,40678.81,USD,FLAGGED_FRAUD
1847,792,37947.96,USD,FLAGGED_FRAUD
1865,746,29862.34,USD,FLAGGED_FRAUD
1871,802,16785.87,USD,FLAGGED_FRAUD
1877,259,11779.56,USD,FLAGGED_FRAUD
1888,407,34289.95,USD,FLAGGED_FRAUD
1897,442,10074.42,USD,FLAGGED_FRAUD
1898,932,28887.56,USD,FLAGGED_FRAUD
1899,382,46809.88,USD,FLAGGED_FRAUD
1903,574,41705.29,USD,FLAGGED_FRAUD
1906,366,36745.96,USD,FLAGGED_FRAUD
1910,510,47203.63,USD,FLAGGED_FRAUD
1911,166,36620.81,USD,FLAGGED_FRAUD
1921,972,19644.15,USD,FLAGGED_FRAUD
1924,487,29768.84,USD,FLAGGED_FRAUD
1935,967,43893.91,USD,FLAGGED_FRAUD
1936,188,27060.35,USD,FLAGGED_FRAUD
1938,574,11988.63,USD,FLAGGED_FRAUD
1939,652,26382.55,USD,FLAGGED_FRAUD
1947,183,26524.49,USD,FLAGGED_FRAUD
1953,912,22178.42,USD,FLAGGED_FRAUD
1960,845,16995.90,USD,FLAGGED_FRAUD
1961,998,24184.61,USD,FLAGGED_FRAUD
1962,918,17626.88,USD,FLAGGED_FRAUD
1966,440,34649.66,USD,FLAGGED_FRAUD
1975,240,44679.56,USD,FLAGGED_FRAUD
1986,170,29776.10,USD,FLAGGED_FRAUD
1993,876,11571.66,USD,FLAGGED_FRAUD
1995,160,44450.45,USD,FLAGGED_FRAUD
1999,564,36851.19,USD,FLAGGED_FRAUD
2006,364,10927.29,USD,FLAGGED_FRAUD
2007,298,29426.54,USD,FLAGGED_FRAUD
2012,383,41176.52,USD,FLAGGED_FRAUD
2016,966,43135.46,USD,FLAGGED_FRAUD
2018,290,26731.30,USD,FLAGGED_FRAUD
2020,209,21036.83,USD,FLAGGED_FRAUD
2038,188,45353.84,USD,FLAGGED_FRAUD
2047,590,45709.11,USD,FLAGGED_FRAUD
2050,262,10161.29,USD,FLAGGED_FRAUD
2062,330,19590.63,USD,FLAGGED_FRAUD
2065,340,47944.94,USD,FLAGGED_FRAUD
2075,282,24877.09,USD,FLAGGED_FRAUD
2085,534,37842.65,USD,FLAGGED_FRAUD
2089,281,15366.51,USD,FLAGGED_FRAUD
2090,828,48019.33,USD,FLAGGED_FRAUD
2094,167,14278.82,USD,FLAGGED_FRAUD
2098,162,16131.76,USD,FLAGGED_FRAUD
2113,428,21015.61,USD,FLAGGED_FRAUD
2118,648,23620.44,USD,FLAGGED_FRAUD
2144,585,14679.34,USD,FLAGGED_FRAUD
2146,610,41995.40,USD,FLAGGED_FRAUD
2149,203,38314.15,USD,FLAGGED_FRAUD
2154,325,11049.04,USD,FLAGGED_FRAUD
2168,565,49632.77,USD,FLAGGED_FRAUD
2186,869,21788.91,USD,FLAGGED_FRAUD
2196,864,21295.52,USD,FLAGGED_FRAUD
2211,798,47314.36,USD,FLAGGED_FRAUD
2213,704,29963.67,USD,FLAGGED_FRAUD
2223,461,45696.29,USD,FLAGGED_FRAUD
2231,410,38040.54,USD,FLAGGED_FRAUD
2232,902,47827.66,USD,FLAGGED_FRAUD
2235,827,40127.62,USD,FLAGGED_FRAUD
2242,414,19519.86,USD,FLAGGED_FRAUD
2258,675,23228.15,USD,FLAGGED_FRAUD
2266,316,31764.98,USD,FLAGGED_FRAUD
2276,706,22364.67,USD,FLAGGED_FRAUD
2281,578,40825.14,USD,FLAGGED_FRAUD
2283,412,44267.45,USD,FLAGGED_FRAUD
2288,343,14885.57,USD,FLAGGED_FRAUD
2293,715,14922.45,USD,FLAGGED_FRAUD
2314,758,47615.41,USD,FLAGGED_FRAUD
2319,112,27506.06,USD,FLAGGED_FRAUD
2322,225,21001.92,USD,FLAGGED_FRAUD
2327,488,27624.36,USD,FLAGGED_FRAUD
2332,715,40183.38,USD,FLAGGED_FRAUD
2341,726,42118.24,USD,FLAGGED_FRAUD
2345,694,18229.71,USD,FLAGGED_FRAUD
2354,479,10865.91,USD,FLAGGED_FRAUD
2359,904,36750.35,USD,FLAGGED_FRAUD
2366,332,30856.64,USD,FLAGGED_FRAUD
2376,723,23464.99,USD,FLAGGED_FRAUD
2377,290,33608.36,USD,FLAGGED_FRAUD
2382,914,40204.24,USD,FLAGGED_FRAUD
2383,835,37214.20,USD,FLAGGED_FRAUD
2385,964,21702.01,USD,FLAGGED_FRAUD
2388,902,26379.27,USD,FLAGGED_FRAUD
2389,682,26881.34,USD,FLAGGED_FRAUD
2396,600,14617.87,USD,FLAGGED_FRAUD
2397,261,33705.51,USD,FLAGGED_FRAUD
2400,585,24466.65,USD,FLAGGED_FRAUD
2411,793,14848.15,USD,FLAGGED_FRAUD
2420,430,48579.97,USD,FLAGGED_FRAUD
2430,642,39670.03,USD,FLAGGED_FRAUD
2443,462,10403.80,USD,FLAGGED_FRAUD
2450,700,36798.49,USD,FLAGGED_FRAUD
2475,801,33474.67,USD,FLAGGED_FRAUD
2479,857,11259.25,USD,FLAGGED_FRAUD
2480,695,43278.78,USD,FLAGGED_FRAUD
2482,359,36262.87,USD,FLAGGED_FRAUD
2492,496,30656.05,USD,FLAGGED_FRAUD
2497,285,45828.68,USD,FLAGGED_FRAUD
2499,546,35840.81,USD,FLAGGED_FRAUD
2501,388,15868.51,USD,FLAGGED_FRAUD
2509,643,24921.11,USD,FLAGGED_FRAUD
2510,721,16185.34,USD,FLAGGED_FRAUD
2511,310,15835.99,USD,FLAGGED_FRAUD
2519,533,45168.17,USD,FLAGGED_FRAUD
2520,921,21047.76,USD,FLAGGED_FRAUD
2521,184,13311.37,USD,FLAGGED_FRAUD
2541,971,39870.61,USD,FLAGGED_FRAUD
2546,443,43855.06,USD,FLAGGED_FRAUD
2550,485,27837.91,USD,FLAGGED_FRAUD
2551,988,48383.44,USD,FLAGGED_FRAUD
2553,284,46244.68,USD,FLAGGED_FRAUD
2571,477,20065.51,USD,FLAGGED_FRAUD
2572,277,15683.92,USD,FLAGGED_FRAUD
2574,968,14952.53,USD,FLAGGED_FRAUD
2575,589,21747.89,USD,FLAGGED_FRAUD
2576,662,35473.72,USD,FLAGGED_FRAUD
2583,919,48571.73,USD,FLAGGED_FRAUD
2586,353,49738.89,USD,FLAGGED_FRAUD
2590,935,16311.25,USD,FLAGGED_FRAUD
2602,409,25244.10,USD,FLAGGED_FRAUD
2642,816,11111.08,USD,FLAGGED_FRAUD
2643,776,38681.42,USD,FLAGGED_FRAUD
2644,172,25253.76,USD,FLAGGED_FRAUD
2645,842,37089.89,USD,FLAGGED_FRAUD
2646,910,14909.27,USD,FLAGGED_FRAUD
2649,335,42294.65,USD,FLAGGED_FRAUD
2657,670,21730.22,USD,FLAGGED_FRAUD
2661,676,42900.51,USD,FLAGGED_FRAUD
2666,764,49494.15,USD,FLAGGED_FRAUD
2670,473,44159.05,USD,FLAGGED_FRAUD
2683,845,37967.45,USD,FLAGGED_FRAUD
2687,650,18574.93,USD,FLAGGED_FRAUD
2689,896,43557.21,USD,FLAGGED_FRAUD
2705,965,38065.45,USD,FLAGGED_FRAUD
2709,452,20675.80,USD,FLAGGED_FRAUD
2712,597,37398.64,USD,FLAGGED_FRAUD
2716,832,26360.86,USD,FLAGGED_FRAUD
2717,949,42590.70,USD,FLAGGED_FRAUD
2718,359,12933.84,USD,FLAGGED_FRAUD
2733,293,44194.64,USD,FLAGGED_FRAUD
2745,674,49599.93,USD,FLAGGED_FRAUD
2746,663,33718.79,USD,FLAGGED_FRAUD
2752,513,31624.45,USD,FLAGGED_FRAUD
2757,228,22145.99,USD,FLAGGED_FRAUD
2762,949,14618.00,USD,FLAGGED_FRAUD
2766,382,30525.16,USD,FLAGGED_FRAUD
2770,895,49952.73,USD,FLAGGED_FRAUD
2771,137,12384.61,USD,FLAGGED_FRAUD
2777,545,41925.97,USD,FLAGGED_FRAUD
2792,966,19258.37,USD,FLAGGED_FRAUD
2797,571,24246.60,USD,FLAGGED_FRAUD
2803,618,35001.78,USD,FLAGGED_FRAUD
2808,574,19063.24,USD,FLAGGED_FRAUD
2817,632,30051.36,USD,FLAGGED_FRAUD
2825,247,37004.81,USD,FLAGGED_FRAUD
2827,635,22289.47,USD,FLAGGED_FRAUD
2833,412,31179.66,USD,FLAGGED_FRAUD
2835,840,20590.02,USD,FLAGGED_FRAUD
2839,897,28542.92,USD,FLAGGED_FRAUD
2850,414,28660.96,USD,FLAGGED_FRAUD
2851,289,23778.12,USD,FLAGGED_FRAUD
2854,358,19722.33,USD,FLAGGED_FRAUD
2855,983,20076.80,USD,FLAGGED_FRAUD
2856,972,49915.78,USD,FLAGGED_FRAUD
2864,190,34708.92,USD,FLAGGED_FRAUD
2874,646,35535.87,USD,FLAGGED_FRAUD
2880,959,48375.36,USD,FLAGGED_FRAUD
2886,878,20518.54,USD,FLAGGED_FRAUD
2891,979,37234.49,USD,FLAGGED_FRAUD
2922,642,33285.67,USD,FLAGGED_FRAUD
2926,254,29432.67,USD,FLAGGED_FRAUD
2928,818,39107.82,USD,FLAGGED_FRAUD
2935,680,48271.50,USD,FLAGGED_FRAUD
2939,246,32827.51,USD,FLAGGED_FRAUD
2943,452,18343.95,USD,FLAGGED_FRAUD
2947,440,33443.58,USD,FLAGGED_FRAUD
2951,456,24277.64,USD,FLAGGED_FRAUD
2969,569,31377.32,USD,FLAGGED_FRAUD
2980,319,43649.71,USD,FLAGGED_FRAUD
2995,843,45468.78,USD,FLAGGED_FRAUD
2997,371,44374.76,USD,FLAGGED_FRAUD
2998,139,10633.27,USD,FLAGGED_FRAUD
3009,985,25428.89,USD,FLAGGED_FRAUD
3015,441,27058.83,USD,FLAGGED_FRAUD
3016,316,31872.57,USD,FLAGGED_FRAUD
3021,592,29631.61,USD,FLAGGED_FRAUD
3024,730,43478.85,USD,FLAGGED_FRAUD
3025,375,14168.83,USD,FLAGGED_FRAUD
3027,839,43706.94,USD,FLAGGED_FRAUD
3031,911,36941.77,USD,FLAGGED_FRAUD
3034,984,45475.97,USD,FLAGGED_FRAUD
3035,721,42372.67,USD,FLAGGED_FRAUD
3038,886,15234.16,USD,FLAGGED_FRAUD
3039,715,28060.55,USD,FLAGGED_FRAUD
3045,793,14147.80,USD,FLAGGED_FRAUD
3046,904,15967.62,USD,FLAGGED_FRAUD
3047,261,21293.76,USD,FLAGGED_FRAUD
3058,151,34168.42,USD,FLAGGED_FRAUD
3062,547,45548.23,USD,FLAGGED_FRAUD
3084,891,13801.04,USD,FLAGGED_FRAUD
3094,834,26884.14,USD,FLAGGED_FRAUD
3096,101,40961.74,USD,FLAGGED_FRAUD
3118,357,32005.93,USD,FLAGGED_FRAUD
3123,757,30355.70,USD,FLAGGED_FRAUD
3128,626,49242.33,USD,FLAGGED_FRAUD
3130,189,29815.12,USD,FLAGGED_FRAUD
3132,773,44063.46,USD,FLAGGED_FRAUD
3141,153,15601.51,USD,FLAGGED_FRAUD
3144,900,19553.37,USD,FLAGGED_FRAUD
3151,508,21700.94,USD,FLAGGED_FRAUD
3155,389,11392.19,USD,FLAGGED_FRAUD
3157,602,12208.69,USD,FLAGGED_FRAUD
3183,739,34029.79,USD,FLAGGED_FRAUD
3186,777,32214.36,USD,FLAGGED_FRAUD
3189,901,31231.38,USD,FLAGGED_FRAUD
3213,790,11348.80,USD,FLAGGED_FRAUD
3222,534,20710.82,USD,FLAGGED_FRAUD
3232,883,33870.83,USD,FLAGGED_FRAUD
3248,681,40243.80,USD,FLAGGED_FRAUD
3251,848,28127.57,USD,FLAGGED_FRAUD
3284,962,29520.58,USD,FLAGGED_FRAUD
3289,114,32107.75,USD,FLAGGED_FRAUD
3293,894,40593.21,USD,FLAGGED_FRAUD
3294,592,47298.48,USD,FLAGGED_FRAUD
3295,270,49479.99,USD,FLAGGED_FRAUD
3304,206,41892.12,USD,FLAGGED_FRAUD
3306,174,42375.87,USD,FLAGGED_FRAUD
3313,219,17476.78,USD,FLAGGED_FRAUD
3323,479,28995.55,USD,FLAGGED_FRAUD
3334,458,43293.47,USD,FLAGGED_FRAUD
3336,210,42428.45,USD,FLAGGED_FRAUD
3339,129,22153.83,USD,FLAGGED_FRAUD
3349,259,14628.16,USD,FLAGGED_FRAUD
3365,594,23691.87,USD,FLAGGED_FRAUD
3366,437,30274.46,USD,FLAGGED_FRAUD
3376,837,37800.29,USD,FLAGGED_FRAUD
3386,867,42921.86,USD,FLAGGED_FRAUD
3389,423,42530.61,USD,FLAGGED_FRAUD
3397,323,48862.90,USD,FLAGGED_FRAUD
3404,325,30142.29,USD,FLAGGED_FRAUD
3407,618,15076.22,USD,FLAGGED_FRAUD
3412,790,25290.08,USD,FLAGGED_FRAUD
3414,809,48770.23,USD,FLAGGED_FRAUD
3420,173,25294.75,USD,FLAGGED_FRAUD
3422,670,12844.45,USD,FLAGGED_FRAUD
3431,142,29548.69,USD,FLAGGED_FRAUD
3434,340,41965.58,USD,FLAGGED_FRAUD
3457,589,10584.14,USD,FLAGGED_FRAUD
3458,239,18944.16,USD,FLAGGED_FRAUD
3466,223,34145.75,USD,FLAGGED_FRAUD
3473,230,34740.24,USD,FLAGGED_FRAUD
3490,469,13556.43,USD,FLAGGED_FRAUD
3497,826,43094.33,USD,FLAGGED_FRAUD
3501,105,17293.02,USD,FLAGGED_FRAUD
3507,217,15490.82,USD,FLAGGED_FRAUD
3510,543,20123.09,USD,FLAGGED_FRAUD
3514,777,21894.20,USD,FLAGGED_FRAUD
3517,271,30457.78,USD,FLAGGED_FRAUD
3523,659,47118.39,USD,FLAGGED_FRAUD
3524,528,10322.65,USD,FLAGGED_FRAUD
3546,958,48364.99,USD,FLAGGED_FRAUD
3548,826,14386.52,USD,FLAGGED_FRAUD
3562,693,34043.26,USD,FLAGGED_FRAUD
3564,929,38155.27,USD,FLAGGED_FRAUD
3579,159,21963.51,USD,FLAGGED_FRAUD
3584,563,16561.05,USD,FLAGGED_FRAUD
3587,465,36600.51,USD,FLAGGED_FRAUD
3589,297,21024.90,USD,FLAGGED_FRAUD
3591,740,13818.37,USD,FLAGGED_FRAUD
3600,320,42536.61,USD,FLAGGED_FRAUD
3602,394,20416.33,USD,FLAGGED_FRAUD
3608,926,37786.96,USD,FLAGGED_FRAUD
3611,705,23180.79,USD,FLAGGED_FRAUD
3614,557,36414.07,USD,FLAGGED_FRAUD
3620,705,30748.83,USD,FLAGGED_FRAUD
3622,291,38268.85,USD,FLAGGED_FRAUD
3623,573,49326.29,USD,FLAGGED_FRAUD
3624,736,47614.47,USD,FLAGGED_FRAUD
3631,455,31739.53,USD,FLAGGED_FRAUD
3636,513,45500.09,USD,FLAGGED_FRAUD
3638,611,48148.15,USD,FLAGGED_FRAUD
3645,595,29708.05,USD,FLAGGED_FRAUD
3654,142,47801.25,USD,FLAGGED_FRAUD
3655,136,42157.04,USD,FLAGGED_FRAUD
3658,383,35661.43,USD,FLAGGED_FRAUD
3675,384,16237.59,USD,FLAGGED_FRAUD
3679,935,43886.00,USD,FLAGGED_FRAUD
3687,702,32090.55,USD,FLAGGED_FRAUD
3700,814,22057.71,USD,FLAGGED_FRAUD
3701,431,17665.39,USD,FLAGGED_FRAUD
3712,604,38500.86,USD,FLAGGED_FRAUD
3713,490,27572.60,USD,FLAGGED_FRAUD
3724,782,24382.18,USD,FLAGGED_FRAUD
3727,186,39962.47,USD,FLAGGED_FRAUD
3739,673,44638.65,USD,FLAGGED_FRAUD
3743,741,30947.38,USD,FLAGGED_FRAUD
3746,792,40807.44,USD,FLAGGED_FRAUD
3753,189,36244.73,USD,FLAGGED_FRAUD
3774,110,43652.52,USD,FLAGGED_FRAUD
3781,887,36523.21,USD,FLAGGED_FRAUD
3782,155,46803.66,USD,FLAGGED_FRAUD
3791,895,29959.34,USD,FLAGGED_FRAUD
3801,822,29041.49,USD,FLAGGED_FRAUD
3813,728,13211.80,USD,FLAGGED_FRAUD
3819,367,43870.12,USD,FLAGGED_FRAUD
3820,931,15251.50,USD,FLAGGED_FRAUD
3823,930,21654.03,USD,FLAGGED_FRAUD
3842,503,17749.35,USD,FLAGGED_FRAUD
3845,181,44702.61,USD,FLAGGED_FRAUD
3858,186,22372.90,USD,FLAGGED_FRAUD
3862,354,30721.13,USD,FLAGGED_FRAUD
3866,968,23912.46,USD,FLAGGED_FRAUD
3870,834,30019.13,USD,FLAGGED_FRAUD
3884,374,23816.79,USD,FLAGGED_FRAUD
3886,694,40449.21,USD,FLAGGED_FRAUD
3887,676,15718.44,USD,FLAGGED_FRAUD
3892,964,40270.92,USD,FLAGGED_FRAUD
3902,297,10133.52,USD,FLAGGED_FRAUD
3903,483,34953.01,USD,FLAGGED_FRAUD
3904,976,27460.31,USD,FLAGGED_FRAUD
3905,757,14375.14,USD,FLAGGED_FRAUD
3906,546,41186.90,USD,FLAGGED_FRAUD
3908,445,16091.55,USD,FLAGGED_FRAUD
3914,878,19284.28,USD,FLAGGED_FRAUD
3928,934,20677.51,USD,FLAGGED_FRAUD
3940,348,43456.43,USD,FLAGGED_FRAUD
3943,987,40063.38,USD,FLAGGED_FRAUD
3944,816,23081.64,USD,FLAGGED_FRAUD
3946,512,10759.94,USD,FLAGGED_FRAUD
3947,700,13383.38,USD,FLAGGED_FRAUD
3952,619,41640.04,USD,FLAGGED_FRAUD
3962,334,33974.59,USD,FLAGGED_FRAUD
3978,415,25576.65,USD,FLAGGED_FRAUD
3979,346,42946.01,USD,FLAGGED_FRAUD
3982,787,43606.48,USD,FLAGGED_FRAUD
4002,225,48551.39,USD,FLAGGED_FRAUD
4004,314,29811.75,USD,FLAGGED_FRAUD
4005,766,23570.36,USD,FLAGGED_FRAUD
4009,786,13853.48,USD,FLAGGED_FRAUD
4010,924,35971.88,USD,FLAGGED_FRAUD
4013,874,39293.10,USD,FLAGGED_FRAUD
4029,868,13588.39,USD,FLAGGED_FRAUD
4033,188,33907.23,USD,FLAGGED_FRAUD
4036,304,43969.56,USD,FLAGGED_FRAUD
4039,632,40830.19,USD,FLAGGED_FRAUD
4045,849,15841.58,USD,FLAGGED_FRAUD
4049,962,26422.76,USD,FLAGGED_FRAUD
4059,612,32265.75,USD,FLAGGED_FRAUD
4060,583,18049.29,USD,FLAGGED_FRAUD
4074,117,33011.38,USD,FLAGGED_FRAUD
4075,624,21129.23,USD,FLAGGED_FRAUD
4080,482,39302.01,USD,FLAGGED_FRAUD
4089,981,17423.14,USD,FLAGGED_FRAUD
4091,511,45422.43,USD,FLAGGED_FRAUD
4094,610,17096.50,USD,FLAGGED_FRAUD
4095,681,31061.95,USD,FLAGGED_FRAUD
4098,568,37101.20,USD,FLAGGED_FRAUD
4102,109,26184.93,USD,FLAGGED_FRAUD
4104,236,40022.26,USD,FLAGGED_FRAUD
4108,321,36580.01,USD,FLAGGED_FRAUD
4112,205,31177.06,USD,FLAGGED_FRAUD
4117,242,20912.45,USD,FLAGGED_FRAUD
4134,563,48845.18,USD,FLAGGED_FRAUD
4160,852,24546.52,USD,FLAGGED_FRAUD
4165,190,30620.69,USD,FLAGGED_FRAUD
4170,950,27428.17,USD,FLAGGED_FRAUD
4171,543,28335.11,USD,FLAGGED_FRAUD
4180,790,14138.22,USD,FLAGGED_FRAUD
4192,452,14822.91,USD,FLAGGED_FRAUD
4223,634,18026.34,USD,FLAGGED_FRAUD
4241,140,43403.49,USD,FLAGGED_FRAUD
4249,279,37362.49,USD,FLAGGED_FRAUD
4253,763,38928.75,USD,FLAGGED_FRAUD
4269,774,22426.80,USD,FLAGGED_FRAUD
4272,245,17129.03,USD,FLAGGED_FRAUD
4283,437,48943.80,USD,FLAGGED_FRAUD
4284,592,24995.67,USD,FLAGGED_FRAUD
4285,114,42455.80,USD,FLAGGED_FRAUD
4289,397,38023.45,USD,FLAGGED_FRAUD
4290,904,29957.03,USD,FLAGGED_FRAUD
4291,105,31228.86,USD,FLAGGED_FRAUD
4297,435,24874.68,USD,FLAGGED_FRAUD
4304,712,47700.42,USD,FLAGGED_FRAUD
4312,629,13323.78,USD,FLAGGED_FRAUD
4313,172,28236.61,USD,FLAGGED_FRAUD
4316,104,33436.92,USD,FLAGGED_FRAUD
4323,526,42114.02,USD,FLAGGED_FRAUD
4339,203,36814.85,USD,FLAGGED_FRAUD
4341,908,12847.55,USD,FLAGGED_FRAUD
4344,614,13311.25,USD,FLAGGED_FRAUD
4348,654,28764.68,USD,FLAGGED_FRAUD
4362,636,30258.88,USD,FLAGGED_FRAUD
4367,370,35747.64,USD,FLAGGED_FRAUD
4370,641,42953.84,USD,FLAGGED_FRAUD
4371,827,18590.57,USD,FLAGGED_FRAUD
4372,331,15468.67,USD,FLAGGED_FRAUD
4376,201,38868.63,USD,FLAGGED_FRAUD
4379,287,12235.67,USD,FLAGGED_FRAUD
4399,545,30793.08,USD,FLAGGED_FRAUD
4410,252,23229.39,USD,FLAGGED_FRAUD
4428,185,15729.11,USD,FLAGGED_FRAUD
4430,336,10715.21,USD,FLAGGED_FRAUD
4431,956,40017.00,USD,FLAGGED_FRAUD
4433,115,18988.74,USD,FLAGGED_FRAUD
4436,495,28675.40,USD,FLAGGED_FRAUD
4447,763,45007.79,USD,FLAGGED_FRAUD
4450,668,10068.05,USD,FLAGGED_FRAUD
4452,362,11642.36,USD,FLAGGED_FRAUD
4479,790,43914.56,USD,FLAGGED_FRAUD
4481,497,33545.10,USD,FLAGGED_FRAUD
4484,755,22885.44,USD,FLAGGED_FRAUD
4486,666,15881.40,USD,FLAGGED_FRAUD
4498,295,37180.19,USD,FLAGGED_FRAUD
4501,659,13844.70,USD,FLAGGED_FRAUD
4503,986,21992.38,USD,FLAGGED_FRAUD
4507,711,45262.93,USD,FLAGGED_FRAUD
4512,620,21928.65,USD,FLAGGED_FRAUD
4517,384,12272.52,USD,FLAGGED_FRAUD
4519,716,46213.52,USD,FLAGGED_FRAUD
4521,587,24046.22,USD,FLAGGED_FRAUD
4532,807,11320.30,USD,FLAGGED_FRAUD
4539,842,27522.08,USD,FLAGGED_FRAUD
4541,741,30318.22,USD,FLAGGED_FRAUD
4546,171,31673.22,USD,FLAGGED_FRAUD
4563,815,19661.85,USD,FLAGGED_FRAUD
4568,945,45592.92,USD,FLAGGED_FRAUD
4579,593,14803.57,USD,FLAGGED_FRAUD
4586,569,29468.98,USD,FLAGGED_FRAUD
4590,389,17898.82,USD,FLAGGED_FRAUD
4592,693,29033.60,USD,FLAGGED_FRAUD
4593,711,40609.73,USD,FLAGGED_FRAUD
4595,108,39065.06,USD,FLAGGED_FRAUD
4600,736,38450.42,USD,FLAGGED_FRAUD
4601,297,29446.66,USD,FLAGGED_FRAUD
4602,948,32658.90,USD,FLAGGED_FRAUD
4609,155,45105.52,USD,FLAGGED_FRAUD
4615,280,28672.76,USD,FLAGGED_FRAUD
4628,330,23219.59,USD,FLAGGED_FRAUD
4630,967,13001.38,USD,FLAGGED_FRAUD
4644,784,40945.63,USD,FLAGGED_FRAUD
4648,525,31359.54,USD,FLAGGED_FRAUD
4649,168,17892.34,USD,FLAGGED_FRAUD
4656,836,10147.16,USD,FLAGGED_FRAUD
4663,173,23728.75,USD,FLAGGED_FRAUD
4668,956,47947.00,USD,FLAGGED_FRAUD
4676,420,29521.94,USD,FLAGGED_FRAUD
4694,440,35188.18,USD,FLAGGED_FRAUD
4695,597,23107.75,USD,FLAGGED_FRAUD
4698,121,14148.09,USD,FLAGGED_FRAUD
4700,864,44113.25,USD,FLAGGED_FRAUD
4703,295,41797.92,USD,FLAGGED_FRAUD
4705,323,13334.71,USD,FLAGGED_FRAUD
4712,575,15757.73,USD,FLAGGED_FRAUD
4714,848,44384.98,USD,FLAGGED_FRAUD
4717,944,15934.65,USD,FLAGGED_FRAUD
4721,992,49823.66,USD,FLAGGED_FRAUD
4725,247,23141.50,USD,FLAGGED_FRAUD
4726,649,30047.25,USD,FLAGGED_FRAUD
4730,445,49711.26,USD,FLAGGED_FRAUD
4733,196,37302.49,USD,FLAGGED_FRAUD
4750,850,38439.41,USD,FLAGGED_FRAUD
4755,966,17530.01,USD,FLAGGED_FRAUD
4759,213,47005.57,USD,FLAGGED_FRAUD
4764,889,24709.88,USD,FLAGGED_FRAUD
4765,388,46378.77,USD,FLAGGED_FRAUD
4777,462,14026.61,USD,FLAGGED_FRAUD
4787,611,39245.11,USD,FLAGGED_FRAUD
4789,524,21121.48,USD,FLAGGED_FRAUD
4791,278,12363.31,USD,FLAGGED_FRAUD
4796,436,22897.67,USD,FLAGGED_FRAUD
4800,479,41428.54,USD,FLAGGED_FRAUD
4807,626,42475.81,USD,FLAGGED_FRAUD
4812,347,41948.36,USD,FLAGGED_FRAUD
4819,916,47684.96,USD,FLAGGED_FRAUD
4833,629,32880.08,USD,FLAGGED_FRAUD
4847,467,24837.36,USD,FLAGGED_FRAUD
4866,765,11049.70,USD,FLAGGED_FRAUD
4868,253,17015.58,USD,FLAGGED_FRAUD
4878,420,48340.71,USD,FLAGGED_FRAUD
4891,214,15025.39,USD,FLAGGED_FRAUD
4894,986,15161.62,USD,FLAGGED_FRAUD
4895,364,22278.43,USD,FLAGGED_FRAUD
4898,964,42002.58,USD,FLAGGED_FRAUD
4900,181,15595.17,USD,FLAGGED_FRAUD
4908,296,43304.43,USD,FLAGGED_FRAUD
4912,735,48724.25,USD,FLAGGED_FRAUD
4918,328,16042.38,USD,FLAGGED_FRAUD
4927,806,34249.05,USD,FLAGGED_FRAUD
4931,773,39943.76,USD,FLAGGED_FRAUD
4933,849,37712.47,USD,FLAGGED_FRAUD
4940,747,42674.58,USD,FLAGGED_FRAUD
4944,411,21706.81,USD,FLAGGED_FRAUD
4945,564,34881.21,USD,FLAGGED_FRAUD
4946,693,40022.10,USD,FLAGGED_FRAUD
4972,799,16963.03,USD,FLAGGED_FRAUD
4976,895,26861.06,USD,FLAGGED_FRAUD
4979,797,24848.81,USD,FLAGGED_FRAUD
4990,567,13364.62,USD,FLAGGED_FRAUD
4991,468,42690.95,USD,FLAGGED_FRAUD
4997,682,27942.34,USD,FLAGGED_FRAUD
4998,365,33334.20,USD,FLAGGED_FRAUD
5007,122,20166.35,USD,FLAGGED_FRAUD
5016,519,29847.26,USD,FLAGGED_FRAUD
5019,203,10572.54,USD,FLAGGED_FRAUD
5029,936,19215.90,USD,FLAGGED_FRAUD
5038,251,33723.95,USD,FLAGGED_FRAUD
5041,294,19262.63,USD,FLAGGED_FRAUD
5043,922,48058.01,USD,FLAGGED_FRAUD
5045,298,18492.40,USD,FLAGGED_FRAUD
5048,216,44644.05,USD,FLAGGED_FRAUD
5054,854,25215.62,USD,FLAGGED_FRAUD
5059,506,11231.41,USD,FLAGGED_FRAUD
5066,581,39136.87,USD,FLAGGED_FRAUD
5076,821,49354.56,USD,FLAGGED_FRAUD
5084,332,22592.78,USD,FLAGGED_FRAUD
5101,264,34305.05,USD,FLAGGED_FRAUD
5107,255,34204.96,USD,FLAGGED_FRAUD
5113,654,38593.11,USD,FLAGGED_FRAUD
5120,188,18397.57,USD,FLAGGED_FRAUD
5130,840,44336.41,USD,FLAGGED_FRAUD
5135,123,21642.42,USD,FLAGGED_FRAUD
5142,195,21840.96,USD,FLAGGED_FRAUD
5148,150,22926.36,USD,FLAGGED_FRAUD
5153,435,26320.26,USD,FLAGGED_FRAUD
5166,775,47167.33,USD,FLAGGED_FRAUD
5187,363,47043.56,USD,FLAGGED_FRAUD
5197,886,27850.10,USD,FLAGGED_FRAUD
5200,722,17779.68,USD,FLAGGED_FRAUD
5211,676,16717.73,USD,FLAGGED_FRAUD
5214,766,24919.21,USD,FLAGGED_FRAUD
5223,591,49222.52,USD,FLAGGED_FRAUD
5235,257,19210.87,USD,FLAGGED_FRAUD
5238,570,40222.46,USD,FLAGGED_FRAUD
5248,768,26736.14,USD,FLAGGED_FRAUD
5249,312,21887.44,USD,FLAGGED_FRAUD
5250,321,41020.57,USD,FLAGGED_FRAUD
5252,917,20474.32,USD,FLAGGED_FRAUD
5257,500,26213.08,USD,FLAGGED_FRAUD
5261,712,15633.57,USD,FLAGGED_FRAUD
5263,713,20731.08,USD,FLAGGED_FRAUD
5265,423,40223.08,USD,FLAGGED_FRAUD
5267,480,29570.90,USD,FLAGGED_FRAUD
5284,134,41925.59,USD,FLAGGED_FRAUD
5286,859,46249.14,USD,FLAGGED_FRAUD
5290,724,47208.90,USD,FLAGGED_FRAUD
5308,889,20294.81,USD,FLAGGED_FRAUD
5309,110,43743.17,USD,FLAGGED_FRAUD
5315,149,16999.76,USD,FLAGGED_FRAUD
5319,240,38155.55,USD,FLAGGED_FRAUD
5342,952,18032.59,USD,FLAGGED_FRAUD
5369,683,10739.06,USD,FLAGGED_FRAUD
5377,559,24633.00,USD,FLAGGED_FRAUD
5378,423,42070.11,USD,FLAGGED_FRAUD
5403,385,32519.27,USD,FLAGGED_FRAUD
5406,609,30628.97,USD,FLAGGED_FRAUD
5419,334,14024.26,USD,FLAGGED_FRAUD
5424,480,31024.01,USD,FLAGGED_FRAUD
5426,463,13778.45,USD,FLAGGED_FRAUD
5427,516,21853.68,USD,FLAGGED_FRAUD
5428,242,20718.72,USD,FLAGGED_FRAUD
5443,268,13888.81,USD,FLAGGED_FRAUD
5445,751,39918.25,USD,FLAGGED_FRAUD
5461,483,12143.45,USD,FLAGGED_FRAUD
5465,897,46237.15,USD,FLAGGED_FRAUD
5477,176,41497.99,USD,FLAGGED_FRAUD
5486,302,43526.99,USD,FLAGGED_FRAUD
5488,252,45872.48,USD,FLAGGED_FRAUD
5491,412,46916.34,USD,FLAGGED_FRAUD
5505,167,35875.66,USD,FLAGGED_FRAUD
5509,735,48588.39,USD,FLAGGED_FRAUD
5514,870,44542.72,USD,FLAGGED_FRAUD
5517,467,19965.58,USD,FLAGGED_FRAUD
5518,727,26219.27,USD,FLAGGED_FRAUD
5531,532,17121.28,USD,FLAGGED_FRAUD
5540,135,35559.36,USD,FLAGGED_FRAUD
5543,909,36406.56,USD,FLAGGED_FRAUD
5570,916,30114.46,USD,FLAGGED_FRAUD
5573,259,44379.79,USD,FLAGGED_FRAUD
5579,535,10600.42,USD,FLAGGED_FRAUD
5592,295,27282.86,USD,FLAGGED_FRAUD
5603,397,37643.60,USD,FLAGGED_FRAUD
5606,347,39646.73,USD,FLAGGED_FRAUD
5613,625,32802.80,USD,FLAGGED_FRAUD
5636,713,19969.85,USD,FLAGGED_FRAUD
5641,182,28529.16,USD,FLAGGED_FRAUD
5666,682,40512.05,USD,FLAGGED_FRAUD
5682,192,30667.17,USD,FLAGGED_FRAUD
5685,125,40341.93,USD,FLAGGED_FRAUD
5694,159,13068.24,USD,FLAGGED_FRAUD
5702,843,24012.76,USD,FLAGGED_FRAUD
5717,634,44307.04,USD,FLAGGED_FRAUD
5723,520,37967.40,USD,FLAGGED_FRAUD
5725,557,20701.68,USD,FLAGGED_FRAUD
5747,608,28531.70,USD,FLAGGED_FRAUD
5748,326,29625.51,USD,FLAGGED_FRAUD
5749,539,42867.26,USD,FLAGGED_FRAUD
5752,905,45142.99,USD,FLAGGED_FRAUD
5769,176,15388.20,USD,FLAGGED_FRAUD
5776,903,45676.05,USD,FLAGGED_FRAUD
5779,350,18762.83,USD,FLAGGED_FRAUD
5781,151,40839.30,USD,FLAGGED_FRAUD
5790,103,23447.31,USD,FLAGGED_FRAUD
5796,315,18881.78,USD,FLAGGED_FRAUD
5802,320,32155.29,USD,FLAGGED_FRAUD
5815,799,15038.26,USD,FLAGGED_FRAUD
5817,825,24503.83,USD,FLAGGED_FRAUD
5821,932,12648.23,USD,FLAGGED_FRAUD
5825,568,33573.29,USD,FLAGGED_FRAUD
5828,182,38030.65,USD,FLAGGED_FRAUD
5851,949,21064.72,USD,FLAGGED_FRAUD
5858,153,19983.12,USD,FLAGGED_FRAUD
5859,919,36757.60,USD,FLAGGED_FRAUD
5866,911,48131.26,USD,FLAGGED_FRAUD
5869,326,36577.56,USD,FLAGGED_FRAUD
5875,185,45198.36,USD,FLAGGED_FRAUD
5881,336,17351.30,USD,FLAGGED_FRAUD
5885,603,18360.51,USD,FLAGGED_FRAUD
5893,241,39392.18,USD,FLAGGED_FRAUD
5911,952,45630.07,USD,FLAGGED_FRAUD
5919,979,28360.13,USD,FLAGGED_FRAUD
5925,509,22223.27,USD,FLAGGED_FRAUD
5938,873,34434.66,USD,FLAGGED_FRAUD
5943,375,34308.56,USD,FLAGGED_FRAUD
5947,800,16091.65,USD,FLAGGED_FRAUD
5957,716,42274.74,USD,FLAGGED_FRAUD
5963,693,15798.94,USD,FLAGGED_FRAUD
5971,768,10489.70,USD,FLAGGED_FRAUD
5995,194,42833.04,USD,FLAGGED_FRAUD
6004,287,24326.04,USD,FLAGGED_FRAUD
6012,527,43379.19,USD,FLAGGED_FRAUD
6015,614,49250.14,USD,FLAGGED_FRAUD
6016,588,18849.41,USD,FLAGGED_FRAUD
6027,181,29628.60,USD,FLAGGED_FRAUD
6040,866,10484.69,USD,FLAGGED_FRAUD
6043,796,28224.33,USD,FLAGGED_FRAUD
6046,294,36093.79,USD,FLAGGED_FRAUD
6051,192,13339.77,USD,FLAGGED_FRAUD
6054,841,21228.49,USD,FLAGGED_FRAUD
6066,376,17910.60,USD,FLAGGED_FRAUD
6068,569,27129.88,USD,FLAGGED_FRAUD
6070,881,29751.48,USD,FLAGGED_FRAUD
6073,228,40786.04,USD,FLAGGED_FRAUD
6084,731,47815.22,USD,FLAGGED_FRAUD
6093,844,34976.25,USD,FLAGGED_FRAUD
6095,859,43237.39,USD,FLAGGED_FRAUD
6100,678,47034.76,USD,FLAGGED_FRAUD
6101,688,33739.18,USD,FLAGGED_FRAUD
6103,596,44946.97,USD,FLAGGED_FRAUD
6104,480,42422.44,USD,FLAGGED_FRAUD
6109,731,23489.14,USD,FLAGGED_FRAUD
6114,485,31578.50,USD,FLAGGED_FRAUD
6130,786,37558.61,USD,FLAGGED_FRAUD
6157,768,24934.85,USD,FLAGGED_FRAUD
6158,161,41423.60,USD,FLAGGED_FRAUD
6164,918,18399.24,USD,FLAGGED_FRAUD
6186,998,45932.93,USD,FLAGGED_FRAUD
6202,457,39192.26,USD,FLAGGED_FRAUD
6205,586,16575.82,USD,FLAGGED_FRAUD
6210,526,35775.09,USD,FLAGGED_FRAUD
6214,754,27423.32,USD,FLAGGED_FRAUD
6222,761,46570.47,USD,FLAGGED_FRAUD
6224,529,47968.44,USD,FLAGGED_FRAUD
6226,417,27833.79,USD,FLAGGED_FRAUD
6227,986,21635.60,USD,FLAGGED_FRAUD
6246,701,26229.14,USD,FLAGGED_FRAUD
6264,820,14485.53,USD,FLAGGED_FRAUD
6277,866,42132.40,USD,FLAGGED_FRAUD
6281,392,12781.54,USD,FLAGGED_FRAUD
6291,954,40558.00,USD,FLAGGED_FRAUD
6301,135,43897.38,USD,FLAGGED_FRAUD
6308,636,20510.01,USD,FLAGGED_FRAUD
6315,714,40946.84,USD,FLAGGED_FRAUD
6322,838,47241.57,USD,FLAGGED_FRAUD
6334,980,35646.94,USD,FLAGGED_FRAUD
6337,547,20037.36,USD,FLAGGED_FRAUD
6349,823,23575.10,USD,FLAGGED_FRAUD
6355,882,35864.13,USD,FLAGGED_FRAUD
6365,648,15079.99,USD,FLAGGED_FRAUD
6373,416,47900.12,USD,FLAGGED_FRAUD
6375,634,49017.31,USD,FLAGGED_FRAUD
6389,346,20432.98,USD,FLAGGED_FRAUD
6390,786,19590.39,USD,FLAGGED_FRAUD
6400,358,36373.02,USD,FLAGGED_FRAUD
6403,943,34260.58,USD,FLAGGED_FRAUD
6406,668,27782.81,USD,FLAGGED_FRAUD
6413,646,11106.41,USD,FLAGGED_FRAUD
6415,632,19403.54,USD,FLAGGED_FRAUD
6434,207,15806.01,USD,FLAGGED_FRAUD
6436,806,45074.56,USD,FLAGGED_FRAUD
6440,386,40217.72,USD,FLAGGED_FRAUD
6442,776,40087.74,USD,FLAGGED_FRAUD
6449,702,27123.87,USD,FLAGGED_FRAUD
6454,590,18949.62,USD,FLAGGED_FRAUD
6462,862,48891.00,USD,FLAGGED_FRAUD
6466,288,34427.71,USD,FLAGGED_FRAUD
6474,469,42403.51,USD,FLAGGED_FRAUD
6479,953,22615.94,USD,FLAGGED_FRAUD
6483,685,20011.45,USD,FLAGGED_FRAUD
6488,302,16624.49,USD,FLAGGED_FRAUD
6490,668,36412.08,USD,FLAGGED_FRAUD
6491,859,16778.36,USD,FLAGGED_FRAUD
6493,599,24979.68,USD,FLAGGED_FRAUD
6500,856,10657.67,USD,FLAGGED_FRAUD
6503,341,43875.31,USD,FLAGGED_FRAUD
6525,219,28459.81,USD,FLAGGED_FRAUD
6526,922,27136.49,USD,FLAGGED_FRAUD
6532,545,49238.06,USD,FLAGGED_FRAUD
6535,991,34433.10,USD,FLAGGED_FRAUD
6540,642,18775.06,USD,FLAGGED_FRAUD
6541,366,34409.32,USD,FLAGGED_FRAUD
6543,883,11316.60,USD,FLAGGED_FRAUD
6544,816,16322.49,USD,FLAGGED_FRAUD
6551,713,42127.55,USD,FLAGGED_FRAUD
6554,425,31097.68,USD,FLAGGED_FRAUD
6556,836,48792.42,USD,FLAGGED_FRAUD
6558,831,24388.89,USD,FLAGGED_FRAUD
6565,952,19520.27,USD,FLAGGED_FRAUD
6571,174,29814.18,USD,FLAGGED_FRAUD
6575,461,20501.94,USD,FLAGGED_FRAUD
6584,696,49091.04,USD,FLAGGED_FRAUD
6600,276,21713.69,USD,FLAGGED_FRAUD
6603,515,44546.04,USD,FLAGGED_FRAUD
6614,795,43994.28,USD,FLAGGED_FRAUD
6617,293,43056.45,USD,FLAGGED_FRAUD
6618,487,37813.92,USD,FLAGGED_FRAUD
6623,580,36839.99,USD,FLAGGED_FRAUD
6638,659,47539.24,USD,FLAGGED_FRAUD
6648,932,35315.79,USD,FLAGGED_FRAUD
6649,364,11774.21,USD,FLAGGED_FRAUD
6652,942,45963.55,USD,FLAGGED_FRAUD
6654,267,42854.84,USD,FLAGGED_FRAUD
6658,996,30362.41,USD,FLAGGED_FRAUD
6660,781,24929.33,USD,FLAGGED_FRAUD
6661,748,42262.53,USD,FLAGGED_FRAUD
6665,174,35035.97,USD,FLAGGED_FRAUD
6668,616,10293.67,USD,FLAGGED_FRAUD
6674,686,28447.94,USD,FLAGGED_FRAUD
6682,694,23757.22,USD,FLAGGED_FRAUD
6693,777,32929.10,USD,FLAGGED_FRAUD
6696,865,38582.94,USD,FLAGGED_FRAUD
6699,122,48041.90,USD,FLAGGED_FRAUD
6702,957,31861.99,USD,FLAGGED_FRAUD
6705,320,25522.54,USD,FLAGGED_FRAUD
6713,711,34961.85,USD,FLAGGED_FRAUD
6718,293,36199.35,USD,FLAGGED_FRAUD
6737,842,17164.39,USD,FLAGGED_FRAUD
6741,574,32106.92,USD,FLAGGED_FRAUD
6742,988,24253.32,USD,FLAGGED_FRAUD
6750,129,12582.83,USD,FLAGGED_FRAUD
6771,677,47104.04,USD,FLAGGED_FRAUD
6777,422,14164.63,USD,FLAGGED_FRAUD
6802,773,26341.39,USD,FLAGGED_FRAUD
6803,777,40040.70,USD,FLAGGED_FRAUD
6811,500,21780.81,USD,FLAGGED_FRAUD
6819,612,26584.29,USD,FLAGGED_FRAUD
6825,580,42440.85,USD,FLAGGED_FRAUD
6833,164,49353.15,USD,FLAGGED_FRAUD
6841,601,15814.21,USD,FLAGGED_FRAUD
6846,128,48279.78,USD,FLAGGED_FRAUD
6861,272,25700.80,USD,FLAGGED_FRAUD
6868,688,24504.85,USD,FLAGGED_FRAUD
6869,160,25166.08,USD,FLAGGED_FRAUD
6880,325,41177.75,USD,FLAGGED_FRAUD
6893,481,38481.03,USD,FLAGGED_FRAUD
6895,487,44260.36,USD,FLAGGED_FRAUD
6903,350,21562.63,USD,FLAGGED_FRAUD
6904,847,37333.65,USD,FLAGGED_FRAUD
6946,541,21273.65,USD,FLAGGED_FRAUD
6947,293,33793.50,USD,FLAGGED_FRAUD
6948,918,30801.02,USD,FLAGGED_FRAUD
6950,262,20268.42,USD,FLAGGED_FRAUD
6954,800,40499.96,USD,FLAGGED_FRAUD
6961,936,20466.49,USD,FLAGGED_FRAUD
6962,136,19761.72,USD,FLAGGED_FRAUD
6963,786,36199.36,USD,FLAGGED_FRAUD
6964,356,41037.08,USD,FLAGGED_FRAUD
6971,427,34352.76,USD,FLAGGED_FRAUD
6977,588,45925.43,USD,FLAGGED_FRAUD
6979,821,11053.12,USD,FLAGGED_FRAUD
6982,699,29577.15,USD,FLAGGED_FRAUD
7001,159,22894.56,USD,FLAGGED_FRAUD
7011,755,46907.85,USD,FLAGGED_FRAUD
7014,975,36283.67,USD,FLAGGED_FRAUD
7026,820,35641.79,USD,FLAGGED_FRAUD
7030,927,37612.42,USD,FLAGGED_FRAUD
7032,128,27051.15,USD,FLAGGED_FRAUD
7037,855,25925.37,USD,FLAGGED_FRAUD
7038,260,27142.95,USD,FLAGGED_FRAUD
7046,508,33806.36,USD,FLAGGED_FRAUD
7056,341,37834.90,USD,FLAGGED_FRAUD
7061,493,22549.00,USD,FLAGGED_FRAUD
7064,684,35440.90,USD,FLAGGED_FRAUD
7092,633,37838.55,USD,FLAGGED_FRAUD
7094,708,19771.38,USD,FLAGGED_FRAUD
7104,912,41226.31,USD,FLAGGED_FRAUD
7120,762,19835.24,USD,FLAGGED_FRAUD
7122,318,36926.38,USD,FLAGGED_FRAUD
7126,354,29261.46,USD,FLAGGED_FRAUD
7138,618,36560.00,USD,FLAGGED_FRAUD
7145,575,23845.93,USD,FLAGGED_FRAUD
7153,790,32164.71,USD,FLAGGED_FRAUD
7155,524,22339.63,USD,FLAGGED_FRAUD
7163,119,15888.36,USD,FLAGGED_FRAUD
7170,523,16664.47,USD,FLAGGED_FRAUD
7173,971,49082.40,USD,FLAGGED_FRAUD
7184,495,22779.72,USD,FLAGGED_FRAUD
7189,504,36678.13,USD,FLAGGED_FRAUD
7198,479,12128.39,USD,FLAGGED_FRAUD
7202,881,14231.68,USD,FLAGGED_FRAUD
7204,953,46087.44,USD,FLAGGED_FRAUD
7206,496,36420.55,USD,FLAGGED_FRAUD
7207,993,21786.90,USD,FLAGGED_FRAUD
7213,194,19733.97,USD,FLAGGED_FRAUD
7223,681,17741.71,USD,FLAGGED_FRAUD
7228,165,10011.48,USD,FLAGGED_FRAUD
7237,140,21702.95,USD,FLAGGED_FRAUD
7242,824,34576.18,USD,FLAGGED_FRAUD
7243,374,49224.60,USD,FLAGGED_FRAUD
7256,646,24991.18,USD,FLAGGED_FRAUD
7265,892,11040.56,USD,FLAGGED_FRAUD
7268,933,19121.93,USD,FLAGGED_FRAUD
7288,966,43623.53,USD,FLAGGED_FRAUD
7290,147,10302.67,USD,FLAGGED_FRAUD
7292,330,44973.68,USD,FLAGGED_FRAUD
7298,837,40510.22,USD,FLAGGED_FRAUD
7302,594,12441.68,USD,FLAGGED_FRAUD
7303,492,17639.68,USD,FLAGGED_FRAUD
7304,803,45646.77,USD,FLAGGED_FRAUD
7305,468,42501.42,USD,FLAGGED_FRAUD
7306,671,38105.96,USD,FLAGGED_FRAUD
7318,581,14737.95,USD,FLAGGED_FRAUD
7319,530,37732.10,USD,FLAGGED_FRAUD
7323,786,46973.96,USD,FLAGGED_FRAUD
7329,921,40341.86,USD,FLAGGED_FRAUD
7339,742,36082.21,USD,FLAGGED_FRAUD
7361,521,47866.44,USD,FLAGGED_FRAUD
7363,808,48503.39,USD,FLAGGED_FRAUD
7371,392,47499.97,USD,FLAGGED_FRAUD
7376,894,10990.76,USD,FLAGGED_FRAUD
7379,890,22701.73,USD,FLAGGED_FRAUD
7384,780,40317.15,USD,FLAGGED_FRAUD
7386,158,20900.81,USD,FLAGGED_FRAUD
7390,248,29815.16,USD,FLAGGED_FRAUD
7393,261,29539.23,USD,FLAGGED_FRAUD
7394,750,13188.99,USD,FLAGGED_FRAUD
7397,762,11530.61,USD,FLAGGED_FRAUD
7405,379,25550.42,USD,FLAGGED_FRAUD
7413,461,44129.43,USD,FLAGGED_FRAUD
7414,237,25450.96,USD,FLAGGED_FRAUD
7427,769,46705.22,USD,FLAGGED_FRAUD
7433,448,29983.09,USD,FLAGGED_FRAUD
7436,406,34824.41,USD,FLAGGED_FRAUD
7438,465,30208.01,USD,FLAGGED_FRAUD
7446,415,15613.23,USD,FLAGGED_FRAUD
7454,604,49680.14,USD,FLAGGED_FRAUD
7457,448,31521.07,USD,FLAGGED_FRAUD
7462,495,26814.91,USD,FLAGGED_FRAUD
7479,322,36166.69,USD,FLAGGED_FRAUD
7483,354,14972.43,USD,FLAGGED_FRAUD
7494,293,46925.77,USD,FLAGGED_FRAUD
7503,190,34195.99,USD,FLAGGED_FRAUD
7505,154,25097.36,USD,FLAGGED_FRAUD
7514,168,47244.00,USD,FLAGGED_FRAUD
7517,520,41008.29,USD,FLAGGED_FRAUD
7520,306,18588.02,USD,FLAGGED_FRAUD
7522,345,13934.36,USD,FLAGGED_FRAUD
7523,685,20780.63,USD,FLAGGED_FRAUD
7525,108,15070.81,USD,FLAGGED_FRAUD
7529,643,49248.59,USD,FLAGGED_FRAUD
7534,172,12309.71,USD,FLAGGED_FRAUD
7551,598,31997.58,USD,FLAGGED_FRAUD
7554,553,30519.78,USD,FLAGGED_FRAUD
7566,376,35214.13,USD,FLAGGED_FRAUD
7571,983,19771.49,USD,FLAGGED_FRAUD
7572,436,44658.28,USD,FLAGGED_FRAUD
7594,682,20881.90,USD,FLAGGED_FRAUD
7597,892,42266.91,USD,FLAGGED_FRAUD
7602,292,30674.19,USD,FLAGGED_FRAUD
7606,938,18549.36,USD,FLAGGED_FRAUD
7613,962,47835.31,USD,FLAGGED_FRAUD
7619,189,48983.20,USD,FLAGGED_FRAUD
7631,518,48140.15,USD,FLAGGED_FRAUD
7641,347,49451.24,USD,FLAGGED_FRAUD
7643,299,27225.89,USD,FLAGGED_FRAUD
7646,973,30238.78,USD,FLAGGED_FRAUD
7660,984,13103.45,USD,FLAGGED_FRAUD
7669,717,16201.89,USD,FLAGGED_FRAUD
7671,394,42097.99,USD,FLAGGED_FRAUD
7675,313,39975.08,USD,FLAGGED_FRAUD
7679,864,48499.48,USD,FLAGGED_FRAUD
7683,148,20762.39,USD,FLAGGED_FRAUD
7697,444,38075.92,USD,FLAGGED_FRAUD
7701,165,36647.62,USD,FLAGGED_FRAUD
7709,784,36103.43,USD,FLAGGED_FRAUD
7711,843,27519.59,USD,FLAGGED_FRAUD
7733,928,10796.09,USD,FLAGGED_FRAUD
7735,925,10994.93,USD,FLAGGED_FRAUD
7738,468,13283.31,USD,FLAGGED_FRAUD
7739,148,49125.15,USD,FLAGGED_FRAUD
7744,701,35691.89,USD,FLAGGED_FRAUD
7749,323,27563.90,USD,FLAGGED_FRAUD
7752,852,39605.92,USD,FLAGGED_FRAUD
7772,550,17944.08,USD,FLAGGED_FRAUD
7774,107,18923.84,USD,FLAGGED_FRAUD
7783,326,15688.31,USD,FLAGGED_FRAUD
7785,713,32421.54,USD,FLAGGED_FRAUD
7789,122,49461.87,USD,FLAGGED_FRAUD
7796,552,37776.04,USD,FLAGGED_FRAUD
7798,214,37492.49,USD,FLAGGED_FRAUD
7800,322,33966.79,USD,FLAGGED_FRAUD
7809,849,14728.68,USD,FLAGGED_FRAUD
7824,745,37338.53,USD,FLAGGED_FRAUD
7838,811,45416.91,USD,FLAGGED_FRAUD
7840,547,44667.45,USD,FLAGGED_FRAUD
7842,433,20005.19,USD,FLAGGED_FRAUD
7845,197,47166.08,USD,FLAGGED_FRAUD
7846,375,39801.03,USD,FLAGGED_FRAUD
7863,524,22200.05,USD,FLAGGED_FRAUD
7865,186,21072.26,USD,FLAGGED_FRAUD
7867,312,13135.09,USD,FLAGGED_FRAUD
7873,555,36294.61,USD,FLAGGED_FRAUD
7884,340,36617.54,USD,FLAGGED_FRAUD
7889,830,32832.12,USD,FLAGGED_FRAUD
7895,903,10306.38,USD,FLAGGED_FRAUD
7898,913,35392.51,USD,FLAGGED_FRAUD
7904,994,36444.28,USD,FLAGGED_FRAUD
7907,912,42672.55,USD,FLAGGED_FRAUD
7915,130,40356.53,USD,FLAGGED_FRAUD
7930,691,23882.43,USD,FLAGGED_FRAUD
7936,219,24776.59,USD,FLAGGED_FRAUD
7945,874,33616.25,USD,FLAGGED_FRAUD
7956,146,18777.64,USD,FLAGGED_FRAUD
7959,900,49236.72,USD,FLAGGED_FRAUD
7962,959,41153.62,USD,FLAGGED_FRAUD
7967,860,15097.95,USD,FLAGGED_FRAUD
7970,560,35349.45,USD,FLAGGED_FRAUD
7971,674,31473.23,USD,FLAGGED_FRAUD
7978,375,21162.20,USD,FLAGGED_FRAUD
7984,464,17434.65,USD,FLAGGED_FRAUD
7989,536,17979.76,USD,FLAGGED_FRAUD
8000,733,48072.62,USD,FLAGGED_FRAUD
8004,839,17121.45,USD,FLAGGED_FRAUD
8006,104,33659.90,USD,FLAGGED_FRAUD
8013,481,32194.02,USD,FLAGGED_FRAUD
8039,975,11907.30,USD,FLAGGED_FRAUD
8043,499,42651.43,USD,FLAGGED_FRAUD
8054,640,49272.08,USD,FLAGGED_FRAUD
8078,624,46315.54,USD,FLAGGED_FRAUD
8092,175,36193.66,USD,FLAGGED_FRAUD
8101,813,45756.06,USD,FLAGGED_FRAUD
8105,849,38179.41,USD,FLAGGED_FRAUD
8107,745,40324.54,USD,FLAGGED_FRAUD
8110,978,14493.36,USD,FLAGGED_FRAUD
8112,338,49738.23,USD,FLAGGED_FRAUD
8113,804,34441.97,USD,FLAGGED_FRAUD
8114,210,36513.94,USD,FLAGGED_FRAUD
8115,380,10487.25,USD,FLAGGED_FRAUD
8123,297,13936.61,USD,FLAGGED_FRAUD
8152,674,20974.87,USD,FLAGGED_FRAUD
8154,191,35493.54,USD,FLAGGED_FRAUD
8155,657,32548.67,USD,FLAGGED_FRAUD
8168,613,14987.53,USD,FLAGGED_FRAUD
8176,711,10706.60,USD,FLAGGED_FRAUD
8179,530,18958.49,USD,FLAGGED_FRAUD
8186,317,10276.61,USD,FLAGGED_FRAUD
8199,563,20067.46,USD,FLAGGED_FRAUD
8202,111,15373.15,USD,FLAGGED_FRAUD
8211,514,34595.66,USD,FLAGGED_FRAUD
8212,493,25705.66,USD,FLAGGED_FRAUD
8216,929,49148.71,USD,FLAGGED_FRAUD
8228,821,10214.45,USD,FLAGGED_FRAUD
8233,508,46949.33,USD,FLAGGED_FRAUD
8243,773,27776.91,USD,FLAGGED_FRAUD
8252,604,30588.85,USD,FLAGGED_FRAUD
8260,774,49146.56,USD,FLAGGED_FRAUD
8262,257,22539.95,USD,FLAGGED_FRAUD
8270,756,34444.00,USD,FLAGGED_FRAUD
8271,456,40217.90,USD,FLAGGED_FRAUD
8280,749,42083.49,USD,FLAGGED_FRAUD
8292,563,36438.15,USD,FLAGGED_FRAUD
8311,791,37108.52,USD,FLAGGED_FRAUD
8316,277,27302.12,USD,FLAGGED_FRAUD
8319,719,37323.41,USD,FLAGGED_FRAUD
8328,406,15567.81,USD,FLAGGED_FRAUD
8354,156,48997.61,USD,FLAGGED_FRAUD
8361,182,14685.61,USD,FLAGGED_FRAUD
8367,771,49764.53,USD,FLAGGED_FRAUD
8376,239,20680.85,USD,FLAGGED_FRAUD
8384,958,35281.78,USD,FLAGGED_FRAUD
8385,430,29517.66,USD,FLAGGED_FRAUD
8390,844,31747.57,USD,FLAGGED_FRAUD
8393,966,17940.33,USD,FLAGGED_FRAUD
8397,822,20188.25,USD,FLAGGED_FRAUD
8401,192,49250.85,USD,FLAGGED_FRAUD
8403,726,44952.84,USD,FLAGGED_FRAUD
8410,475,42311.10,USD,FLAGGED_FRAUD
8415,771,37894.99,USD,FLAGGED_FRAUD
8424,454,35111.14,USD,FLAGGED_FRAUD
8426,521,35615.34,USD,FLAGGED_FRAUD
8440,303,32512.50,USD,FLAGGED_FRAUD
8443,737,43227.20,USD,FLAGGED_FRAUD
8448,609,22037.16,USD,FLAGGED_FRAUD
8456,253,35553.22,USD,FLAGGED_FRAUD
8466,606,49488.24,USD,FLAGGED_FRAUD
8472,597,25540.42,USD,FLAGGED_FRAUD
8482,760,47320.71,USD,FLAGGED_FRAUD
8486,174,15673.05,USD,FLAGGED_FRAUD
8493,443,26665.02,USD,FLAGGED_FRAUD
8497,554,23310.51,USD,FLAGGED_FRAUD
8502,839,33591.52,USD,FLAGGED_FRAUD
8504,313,46362.41,USD,FLAGGED_FRAUD
8512,452,21155.53,USD,FLAGGED_FRAUD
8522,719,17633.13,USD,FLAGGED_FRAUD
8537,188,47604.34,USD,FLAGGED_FRAUD
8539,329,16720.94,USD,FLAGGED_FRAUD
8542,374,27797.85,USD,FLAGGED_FRAUD
8553,179,15729.48,USD,FLAGGED_FRAUD
8564,308,10548.27,USD,FLAGGED_FRAUD
8574,136,18237.78,USD,FLAGGED_FRAUD
8576,129,37681.06,USD,FLAGGED_FRAUD
8604,334,19899.94,USD,FLAGGED_FRAUD
8613,189,13863.12,USD,FLAGGED_FRAUD
8615,907,48111.37,USD,FLAGGED_FRAUD
8617,273,34727.23,USD,FLAGGED_FRAUD
8618,860,41300.03,USD,FLAGGED_FRAUD
8619,149,28608.52,USD,FLAGGED_FRAUD
8626,853,46786.79,USD,FLAGGED_FRAUD
8627,487,47538.72,USD,FLAGGED_FRAUD
8645,172,39252.41,USD,FLAGGED_FRAUD
8651,549,12812.67,USD,FLAGGED_FRAUD
8662,429,34730.01,USD,FLAGGED_FRAUD
8687,148,47260.40,USD,FLAGGED_FRAUD
8701,472,15242.53,USD,FLAGGED_FRAUD
8714,125,45481.35,USD,FLAGGED_FRAUD
8735,819,18494.31,USD,FLAGGED_FRAUD
8770,338,26456.84,USD,FLAGGED_FRAUD
8777,225,18231.91,USD,FLAGGED_FRAUD
8783,278,37799.90,USD,FLAGGED_FRAUD
8785,326,39349.67,USD,FLAGGED_FRAUD
8786,964,18813.91,USD,FLAGGED_FRAUD
8789,631,25148.71,USD,FLAGGED_FRAUD
8792,640,10785.04,USD,FLAGGED_FRAUD
8813,944,40045.80,USD,FLAGGED_FRAUD
8814,190,43057.94,USD,FLAGGED_FRAUD
8816,141,41240.94,USD,FLAGGED_FRAUD
8822,925,32844.62,USD,FLAGGED_FRAUD
8832,902,11311.36,USD,FLAGGED_FRAUD
8844,712,40233.47,USD,FLAGGED_FRAUD
8846,522,43898.64,USD,FLAGGED_FRAUD
8848,968,22089.01,USD,FLAGGED_FRAUD
8854,736,40080.83,USD,FLAGGED_FRAUD
8862,543,29154.41,USD,FLAGGED_FRAUD
8871,986,26296.24,USD,FLAGGED_FRAUD
8878,249,28678.59,USD,FLAGGED_FRAUD
8880,332,29710.26,USD,FLAGGED_FRAUD
8916,470,39856.89,USD,FLAGGED_FRAUD
8921,125,44079.61,USD,FLAGGED_FRAUD
8926,343,35323.05,USD,FLAGGED_FRAUD
8938,595,17365.16,USD,FLAGGED_FRAUD
8940,989,32880.21,USD,FLAGGED_FRAUD
8955,242,31742.91,USD,FLAGGED_FRAUD
8958,640,12201.66,USD,FLAGGED_FRAUD
8961,293,13846.98,USD,FLAGGED_FRAUD
8969,142,19975.10,USD,FLAGGED_FRAUD
8972,342,48142.88,USD,FLAGGED_FRAUD
8983,222,44949.18,USD,FLAGGED_FRAUD
8988,295,16427.18,USD,FLAGGED_FRAUD
8992,114,24920.65,USD,FLAGGED_FRAUD
8999,318,14994.40,USD,FLAGGED_FRAUD
9002,976,30673.51,USD,FLAGGED_FRAUD
9005,259,29763.50,USD,FLAGGED_FRAUD
9013,834,10588.63,USD,FLAGGED_FRAUD
9021,154,12869.60,USD,FLAGGED_FRAUD
9024,743,46731.22,USD,FLAGGED_FRAUD
9033,491,44540.80,USD,FLAGGED_FRAUD
9035,261,30683.22,USD,FLAGGED_FRAUD
9041,495,14295.54,USD,FLAGGED_FRAUD
9052,651,38209.37,USD,FLAGGED_FRAUD
9058,692,17830.75,USD,FLAGGED_FRAUD
9090,170,40076.72,USD,FLAGGED_FRAUD
9093,948,18338.79,USD,FLAGGED_FRAUD
9094,675,41471.68,USD,FLAGGED_FRAUD
9096,220,30825.03,USD,FLAGGED_FRAUD
9097,639,21789.81,USD,FLAGGED_FRAUD
9110,285,42308.14,USD,FLAGGED_FRAUD
9115,353,16315.98,USD,FLAGGED_FRAUD
9119,903,31364.46,USD,FLAGGED_FRAUD
9120,418,43982.93,USD,FLAGGED_FRAUD
9127,813,33055.90,USD,FLAGGED_FRAUD
9146,757,48233.56,USD,FLAGGED_FRAUD
9156,388,19347.90,USD,FLAGGED_FRAUD
9158,102,47205.09,USD,FLAGGED_FRAUD
9166,433,32057.71,USD,FLAGGED_FRAUD
9168,666,37977.00,USD,FLAGGED_FRAUD
9169,133,38086.43,USD,FLAGGED_FRAUD
9179,251,39297.80,USD,FLAGGED_FRAUD
9180,849,16785.01,USD,FLAGGED_FRAUD
9193,990,22949.02,USD,FLAGGED_FRAUD
9196,222,14712.26,USD,FLAGGED_FRAUD
9199,359,32767.57,USD,FLAGGED_FRAUD
9210,726,11184.54,USD,FLAGGED_FRAUD
9218,696,47268.31,USD,FLAGGED_FRAUD
9222,739,35806.03,USD,FLAGGED_FRAUD
9225,516,46201.70,USD,FLAGGED_FRAUD
9243,470,41708.67,USD,FLAGGED_FRAUD
9246,299,25024.33,USD,FLAGGED_FRAUD
9248,991,14627.69,USD,FLAGGED_FRAUD
9249,285,19692.21,USD,FLAGGED_FRAUD
9251,327,13815.94,USD,FLAGGED_FRAUD
9254,700,32958.59,USD,FLAGGED_FRAUD
9270,309,28734.94,USD,FLAGGED_FRAUD
9271,243,30724.50,USD,FLAGGED_FRAUD
9274,566,18843.44,USD,FLAGGED_FRAUD
9276,121,14629.75,USD,FLAGGED_FRAUD
9279,525,43471.98,USD,FLAGGED_FRAUD
9290,238,30516.84,USD,FLAGGED_FRAUD
9293,871,28213.28,USD,FLAGGED_FRAUD
9301,618,18148.22,USD,FLAGGED_FRAUD
9307,981,24513.81,USD,FLAGGED_FRAUD
9333,707,36687.70,USD,FLAGGED_FRAUD
9337,845,36371.93,USD,FLAGGED_FRAUD
9339,971,20881.39,USD,FLAGGED_FRAUD
9340,225,14984.47,USD,FLAGGED_FRAUD
9342,384,12452.72,USD,FLAGGED_FRAUD
9344,987,30456.47,USD,FLAGGED_FRAUD
9346,774,41490.57,USD,FLAGGED_FRAUD
9349,551,28938.41,USD,FLAGGED_FRAUD
9351,602,44135.40,USD,FLAGGED_FRAUD
9354,575,49996.51,USD,FLAGGED_FRAUD
9367,196,48515.26,USD,FLAGGED_FRAUD
9375,534,32825.57,USD,FLAGGED_FRAUD
9376,738,20553.65,USD,FLAGGED_FRAUD
9381,829,16493.89,USD,FLAGGED_FRAUD
9389,871,13179.13,USD,FLAGGED_FRAUD
9407,587,19736.97,USD,FLAGGED_FRAUD
9411,895,14341.63,USD,FLAGGED_FRAUD
9415,320,39925.28,USD,FLAGGED_FRAUD
9422,375,36604.92,USD,FLAGGED_FRAUD
9424,859,40086.85,USD,FLAGGED_FRAUD
9425,257,34353.56,USD,FLAGGED_FRAUD
9437,359,37602.33,USD,FLAGGED_FRAUD
9450,494,38890.68,USD,FLAGGED_FRAUD
9452,452,13633.47,USD,FLAGGED_FRAUD
9465,948,46613.01,USD,FLAGGED_FRAUD
9466,250,34853.15,USD,FLAGGED_FRAUD
9468,795,15768.18,USD,FLAGGED_FRAUD
9474,383,13909.79,USD,FLAGGED_FRAUD
9479,447,23657.43,USD,FLAGGED_FRAUD
9483,218,18872.63,USD,FLAGGED_FRAUD
9487,228,49927.57,USD,FLAGGED_FRAUD
9490,940,20800.33,USD,FLAGGED_FRAUD
9503,960,37031.43,USD,FLAGGED_FRAUD
9519,635,10566.93,USD,FLAGGED_FRAUD
9521,257,46415.78,USD,FLAGGED_FRAUD
9526,635,15558.14,USD,FLAGGED_FRAUD
9530,861,36820.49,USD,FLAGGED_FRAUD
9534,827,27128.11,USD,FLAGGED_FRAUD
9536,678,42366.80,USD,FLAGGED_FRAUD
9539,156,35876.37,USD,FLAGGED_FRAUD
9553,717,16843.55,USD,FLAGGED_FRAUD
9554,658,49197.20,USD,FLAGGED_FRAUD
9555,886,22532.12,USD,FLAGGED_FRAUD
9581,631,28058.60,USD,FLAGGED_FRAUD
9587,432,33200.32,USD,FLAGGED_FRAUD
9592,743,21161.24,USD,FLAGGED_FRAUD
9599,456,25837.14,USD,FLAGGED_FRAUD
9605,514,23668.50,USD,FLAGGED_FRAUD
9606,113,17028.99,USD,FLAGGED_FRAUD
9630,514,19062.02,USD,FLAGGED_FRAUD
9631,746,43133.49,USD,FLAGGED_FRAUD
9649,628,18913.60,USD,FLAGGED_FRAUD
9652,322,28548.00,USD,FLAGGED_FRAUD
9656,160,19466.71,USD,FLAGGED_FRAUD
9657,706,19961.84,USD,FLAGGED_FRAUD
9662,602,10005.66,USD,FLAGGED_FRAUD
9663,839,20803.39,USD,FLAGGED_FRAUD
9664,880,11297.14,USD,FLAGGED_FRAUD
9670,749,23148.73,USD,FLAGGED_FRAUD
9672,130,31604.56,USD,FLAGGED_FRAUD
9680,625,23391.22,USD,FLAGGED_FRAUD
9682,522,49934.35,USD,FLAGGED_FRAUD
9707,930,35003.45,USD,FLAGGED_FRAUD
9712,285,30557.46,USD,FLAGGED_FRAUD
9714,688,23591.12,USD,FLAGGED_FRAUD
9715,796,24761.12,USD,FLAGGED_FRAUD
9732,533,19554.23,USD,FLAGGED_FRAUD
9734,444,10723.36,USD,FLAGGED_FRAUD
9739,875,19731.69,USD,FLAGGED_FRAUD
9742,690,42405.21,USD,FLAGGED_FRAUD
9743,712,21602.26,USD,FLAGGED_FRAUD
9749,774,32426.72,USD,FLAGGED_FRAUD
9752,858,18022.51,USD,FLAGGED_FRAUD
9756,110,34468.63,USD,FLAGGED_FRAUD
9761,343,44464.03,USD,FLAGGED_FRAUD
9762,216,32292.12,USD,FLAGGED_FRAUD
9763,357,21908.96,USD,FLAGGED_FRAUD
9764,136,25160.00,USD,FLAGGED_FRAUD
9774,434,41974.08,USD,FLAGGED_FRAUD
9784,161,19937.11,USD,FLAGGED_FRAUD
9801,993,13517.84,USD,FLAGGED_FRAUD
9807,282,44280.97,USD,FLAGGED_FRAUD
9812,331,23964.55,USD,FLAGGED_FRAUD
9817,543,17894.91,USD,FLAGGED_FRAUD
9820,919,34257.59,USD,FLAGGED_FRAUD
9823,416,12840.66,USD,FLAGGED_FRAUD
9826,192,24310.03,USD,FLAGGED_FRAUD
9832,859,26269.12,USD,FLAGGED_FRAUD
9834,518,38107.09,USD,FLAGGED_FRAUD
9840,655,31996.52,USD,FLAGGED_FRAUD
9841,993,30254.62,USD,FLAGGED_FRAUD
9842,738,28046.53,USD,FLAGGED_FRAUD
9874,354,40962.26,USD,FLAGGED_FRAUD
9878,537,36184.80,USD,FLAGGED_FRAUD
9898,994,43275.24,USD,FLAGGED_FRAUD
9906,944,49874.20,USD,FLAGGED_FRAUD
9909,943,17498.97,USD,FLAGGED_FRAUD
9916,568,19074.33,USD,FLAGGED_FRAUD
9920,584,45505.30,USD,FLAGGED_FRAUD
9935,315,14854.03,USD,FLAGGED_FRAUD
9942,375,41060.33,USD,FLAGGED_FRAUD
9943,231,30856.41,USD,FLAGGED_FRAUD
9945,719,25389.91,USD,FLAGGED_FRAUD
9960,198,24978.44,USD,FLAGGED_FRAUD
9961,707,40062.28,USD,FLAGGED_FRAUD
9963,557,25405.11,USD,FLAGGED_FRAUD
9970,708,46502.58,USD,FLAGGED_FRAUD
9973,764,42618.48,USD,FLAGGED_FRAUD
9983,698,24903.94,USD,FLAGGED_FRAUD
9985,224,36249.65,USD,FLAGGED_FRAUD
10008,266,26303.32,USD,FLAGGED_FRAUD
10009,246,47245.00,USD,FLAGGED_FRAUD
10020,824,28657.76,USD,FLAGGED_FRAUD
10024,184,28180.53,USD,FLAGGED_FRAUD
10035,109,38396.90,USD,FLAGGED_FRAUD
10040,229,45023.85,USD,FLAGGED_FRAUD
10049,904,35179.42,USD,FLAGGED_FRAUD
10052,591,21144.73,USD,FLAGGED_FRAUD
10061,662,24888.11,USD,FLAGGED_FRAUD
10064,681,13977.52,USD,FLAGGED_FRAUD
10072,487,49902.32,USD,FLAGGED_FRAUD
10078,748,48117.66,USD,FLAGGED_FRAUD
10091,840,30283.66,USD,FLAGGED_FRAUD
10094,546,22501.74,USD,FLAGGED_FRAUD
10100,577,14731.51,USD,FLAGGED_FRAUD
10109,171,14928.28,USD,FLAGGED_FRAUD
10111,400,13133.77,USD,FLAGGED_FRAUD
10118,701,43872.96,USD,FLAGGED_FRAUD
10126,161,28761.14,USD,FLAGGED_FRAUD
10130,818,30186.24,USD,FLAGGED_FRAUD
10139,583,42294.67,USD,FLAGGED_FRAUD
10145,308,39093.33,USD,FLAGGED_FRAUD
10160,673,14578.68,USD,FLAGGED_FRAUD
10171,352,37059.00,USD,FLAGGED_FRAUD
10172,250,35003.45,USD,FLAGGED_FRAUD
10179,419,33802.69,USD,FLAGGED_FRAUD
10183,798,26025.23,USD,FLAGGED_FRAUD
10187,804,39216.19,USD,FLAGGED_FRAUD
10190,163,11913.35,USD,FLAGGED_FRAUD
10196,497,14635.67,USD,FLAGGED_FRAUD
10209,351,40500.71,USD,FLAGGED_FRAUD
10216,460,11998.36,USD,FLAGGED_FRAUD
10231,599,31216.59,USD,FLAGGED_FRAUD
10232,424,18961.99,USD,FLAGGED_FRAUD
10239,871,18192.88,USD,FLAGGED_FRAUD
10240,905,30725.46,USD,FLAGGED_FRAUD
10245,321,10885.04,USD,FLAGGED_FRAUD
10250,886,46148.03,USD,FLAGGED_FRAUD
10263,339,15643.34,USD,FLAGGED_FRAUD
10266,592,10566.48,USD,FLAGGED_FRAUD
10277,477,19409.58,USD,FLAGGED_FRAUD
10283,353,48357.27,USD,FLAGGED_FRAUD
10285,837,45851.71,USD,FLAGGED_FRAUD
10292,432,42638.87,USD,FLAGGED_FRAUD
10296,301,27693.97,USD,FLAGGED_FRAUD
10301,211,26911.77,USD,FLAGGED_FRAUD
10302,575,38453.39,USD,FLAGGED_FRAUD
10303,743,11094.93,USD,FLAGGED_FRAUD
10308,417,40429.78,USD,FLAGGED_FRAUD
10312,343,40239.09,USD,FLAGGED_FRAUD
10323,559,21416.55,USD,FLAGGED_FRAUD
10324,108,31636.54,USD,FLAGGED_FRAUD
10325,594,35607.10,USD,FLAGGED_FRAUD
10327,190,13449.88,USD,FLAGGED_FRAUD
10330,574,28152.89,USD,FLAGGED_FRAUD
10332,576,33011.32,USD,FLAGGED_FRAUD
10336,758,27314.70,USD,FLAGGED_FRAUD
10338,968,13862.64,USD,FLAGGED_FRAUD
10344,737,10255.30,USD,FLAGGED_FRAUD
10346,760,49666.26,USD,FLAGGED_FRAUD
10348,842,13818.40,USD,FLAGGED_FRAUD
10357,383,35468.34,USD,FLAGGED_FRAUD
10364,830,34777.04,USD,FLAGGED_FRAUD
10367,828,37785.57,USD,FLAGGED_FRAUD
10369,806,17064.69,USD,FLAGGED_FRAUD
10379,513,45198.52,USD,FLAGGED_FRAUD
10394,525,26116.50,USD,FLAGGED_FRAUD
10396,916,28041.22,USD,FLAGGED_FRAUD
10400,638,26077.07,USD,FLAGGED_FRAUD
10407,940,14401.23,USD,FLAGGED_FRAUD
10413,934,18248.16,USD,FLAGGED_FRAUD
10417,225,10287.30,USD,FLAGGED_FRAUD
10420,281,10869.23,USD,FLAGGED_FRAUD
10422,804,34785.12,USD,FLAGGED_FRAUD
10423,288,34340.68,USD,FLAGGED_FRAUD
10428,541,26516.14,USD,FLAGGED_FRAUD
10432,170,12485.57,USD,FLAGGED_FRAUD
10436,746,45348.25,USD,FLAGGED_FRAUD
10443,300,11857.53,USD,FLAGGED_FRAUD
10444,573,29196.76,USD,FLAGGED_FRAUD
10451,515,35751.11,USD,FLAGGED_FRAUD
10459,936,29310.21,USD,FLAGGED_FRAUD
10470,730,12132.58,USD,FLAGGED_FRAUD
10471,894,23472.26,USD,FLAGGED_FRAUD
10472,294,21858.95,USD,FLAGGED_FRAUD
10485,778,23139.34,USD,FLAGGED_FRAUD
10489,775,13264.28,USD,FLAGGED_FRAUD
10490,200,37354.06,USD,FLAGGED_FRAUD
10491,490,13791.58,USD,FLAGGED_FRAUD
10495,508,31378.10,USD,FLAGGED_FRAUD
10500,277,49765.84,USD,FLAGGED_FRAUD
10503,890,32895.43,USD,FLAGGED_FRAUD
10506,524,48368.42,USD,FLAGGED_FRAUD
10526,118,30831.74,USD,FLAGGED_FRAUD
10530,913,42709.59,USD,FLAGGED_FRAUD
10531,794,24505.11,USD,FLAGGED_FRAUD
10533,613,25320.48,USD,FLAGGED_FRAUD
10539,646,13793.34,USD,FLAGGED_FRAUD
10548,997,20086.65,USD,FLAGGED_FRAUD
10554,333,35904.06,USD,FLAGGED_FRAUD
10557,560,34151.89,USD,FLAGGED_FRAUD
10568,577,30747.78,USD,FLAGGED_FRAUD
10569,229,13900.86,USD,FLAGGED_FRAUD
10570,533,25436.72,USD,FLAGGED_FRAUD
10571,207,34762.59,USD,FLAGGED_FRAUD
10572,953,34238.17,USD,FLAGGED_FRAUD
10593,645,22062.40,USD,FLAGGED_FRAUD
10595,923,34059.54,USD,FLAGGED_FRAUD
10606,712,44785.88,USD,FLAGGED_FRAUD
10610,837,10783.00,USD,FLAGGED_FRAUD
10615,135,38156.16,USD,FLAGGED_FRAUD
10619,946,33984.61,USD,FLAGGED_FRAUD
10620,160,20298.15,USD,FLAGGED_FRAUD
10622,205,30806.47,USD,FLAGGED_FRAUD
10648,451,21870.92,USD,FLAGGED_FRAUD
10649,360,22831.48,USD,FLAGGED_FRAUD
10655,302,13264.70,USD,FLAGGED_FRAUD
10678,682,30089.99,USD,FLAGGED_FRAUD
10690,205,30618.28,USD,FLAGGED_FRAUD
10699,600,10592.75,USD,FLAGGED_FRAUD
10715,611,29347.62,USD,FLAGGED_FRAUD
10730,655,26330.19,USD,FLAGGED_FRAUD
10734,527,43503.81,USD,FLAGGED_FRAUD
10762,173,44527.45,USD,FLAGGED_FRAUD
10767,668,30352.94,USD,FLAGGED_FRAUD
10770,657,39957.41,USD,FLAGGED_FRAUD
10771,915,40506.63,USD,FLAGGED_FRAUD
10773,524,20822.98,USD,FLAGGED_FRAUD
10778,972,11357.34,USD,FLAGGED_FRAUD
10782,191,43238.62,USD,FLAGGED_FRAUD
10785,304,34478.62,USD,FLAGGED_FRAUD
10803,566,48155.80,USD,FLAGGED_FRAUD
10827,945,40615.56,USD,FLAGGED_FRAUD
10835,713,49319.92,USD,FLAGGED_FRAUD
10850,380,10991.22,USD,FLAGGED_FRAUD
10872,512,42673.47,USD,FLAGGED_FRAUD
10876,297,11007.30,USD,FLAGGED_FRAUD
10879,259,26482.57,USD,FLAGGED_FRAUD
10889,183,49922.57,USD,FLAGGED_FRAUD
10892,675,44383.73,USD,FLAGGED_FRAUD
10897,808,30147.76,USD,FLAGGED_FRAUD
10904,182,41517.98,USD,FLAGGED_FRAUD
10905,762,40478.38,USD,FLAGGED_FRAUD
10910,688,29861.01,USD,FLAGGED_FRAUD
10916,998,19248.54,USD,FLAGGED_FRAUD
10927,595,47440.86,USD,FLAGGED_FRAUD
10929,180,28104.54,USD,FLAGGED_FRAUD
10935,759,42568.44,USD,FLAGGED_FRAUD
10946,446,26351.00,USD,FLAGGED_FRAUD
10947,242,12975.03,USD,FLAGGED_FRAUD
10949,175,15167.35,USD,FLAGGED_FRAUD
10952,473,41659.16,USD,FLAGGED_FRAUD
10953,571,22004.46,USD,FLAGGED_FRAUD
10955,446,33178.84,USD,FLAGGED_FRAUD
10960,990,18827.32,USD,FLAGGED_FRAUD
10976,915,25589.10,USD,FLAGGED_FRAUD
10979,700,49782.95,USD,FLAGGED_FRAUD
10983,610,46912.91,USD,FLAGGED_FRAUD
10993,773,19516.92,USD,FLAGGED_FRAUD
11005,938,22163.07,USD,FLAGGED_FRAUD
11009,736,20821.50,USD,FLAGGED_FRAUD
11013,207,32119.55,USD,FLAGGED_FRAUD
11031,368,20438.32,USD,FLAGGED_FRAUD
11045,831,25522.96,USD,FLAGGED_FRAUD
11062,972,43213.69,USD,FLAGGED_FRAUD
11063,318,16753.68,USD,FLAGGED_FRAUD
11068,712,23355.85,USD,FLAGGED_FRAUD
11077,267,34763.55,USD,FLAGGED_FRAUD
11078,259,42704.55,USD,FLAGGED_FRAUD
11082,976,41355.65,USD,FLAGGED_FRAUD
11090,160,40732.77,USD,FLAGGED_FRAUD
11096,818,20830.30,USD,FLAGGED_FRAUD
